INSERT INTO element (elt_name) VALUES ('the-a-element');
INSERT INTO element (elt_name) VALUES ('the-abbr-element');
INSERT INTO element (elt_name) VALUES ('the-address-element');
INSERT INTO element (elt_name) VALUES ('the-area-element');
INSERT INTO element (elt_name) VALUES ('the-article-element');
INSERT INTO element (elt_name) VALUES ('the-aside-element');
INSERT INTO element (elt_name) VALUES ('the-audio-element');
INSERT INTO element (elt_name) VALUES ('the-b-element');
INSERT INTO element (elt_name) VALUES ('the-base-element');
INSERT INTO element (elt_name) VALUES ('the-bdi-element');
INSERT INTO element (elt_name) VALUES ('the-bdo-element');
INSERT INTO element (elt_name) VALUES ('the-blockquote-element');
INSERT INTO element (elt_name) VALUES ('the-body-element');
INSERT INTO element (elt_name) VALUES ('the-br-element');
INSERT INTO element (elt_name) VALUES ('the-button-element');
INSERT INTO element (elt_name) VALUES ('the-canvas-element');
INSERT INTO element (elt_name) VALUES ('the-caption-element');
INSERT INTO element (elt_name) VALUES ('the-cite-element');
INSERT INTO element (elt_name) VALUES ('the-code-element');
INSERT INTO element (elt_name) VALUES ('the-col-element');
INSERT INTO element (elt_name) VALUES ('the-colgroup-element');
INSERT INTO element (elt_name) VALUES ('the-data-element');
INSERT INTO element (elt_name) VALUES ('the-datalist-element');
INSERT INTO element (elt_name) VALUES ('the-dd-element');
INSERT INTO element (elt_name) VALUES ('the-del-element');
INSERT INTO element (elt_name) VALUES ('the-dfn-element');
INSERT INTO element (elt_name) VALUES ('the-div-element');
INSERT INTO element (elt_name) VALUES ('the-dl-element');
INSERT INTO element (elt_name) VALUES ('the-dt-element');
INSERT INTO element (elt_name) VALUES ('the-em-element');
INSERT INTO element (elt_name) VALUES ('the-embed-element');
INSERT INTO element (elt_name) VALUES ('the-fieldset-element');
INSERT INTO element (elt_name) VALUES ('the-figcaption-element');
INSERT INTO element (elt_name) VALUES ('the-figure-element');
INSERT INTO element (elt_name) VALUES ('the-footer-element');
INSERT INTO element (elt_name) VALUES ('the-form-element');
INSERT INTO element (elt_name) VALUES ('the-h1,-h2,-h3,-h4,-h5,-and-h6-elements');
INSERT INTO element (elt_name) VALUES ('the-head-element');
INSERT INTO element (elt_name) VALUES ('the-header-element');
INSERT INTO element (elt_name) VALUES ('the-hr-element');
INSERT INTO element (elt_name) VALUES ('the-html-element');
INSERT INTO element (elt_name) VALUES ('the-i-element');
INSERT INTO element (elt_name) VALUES ('the-iframe-element');
INSERT INTO element (elt_name) VALUES ('the-img-element');
INSERT INTO element (elt_name) VALUES ('the-input-element');
INSERT INTO element (elt_name) VALUES ('the-ins-element');
INSERT INTO element (elt_name) VALUES ('the-kbd-element');
INSERT INTO element (elt_name) VALUES ('the-keygen-element');
INSERT INTO element (elt_name) VALUES ('the-label-element');
INSERT INTO element (elt_name) VALUES ('the-legend-element');
INSERT INTO element (elt_name) VALUES ('the-li-element');
INSERT INTO element (elt_name) VALUES ('the-link-element');
INSERT INTO element (elt_name) VALUES ('the-main-element');
INSERT INTO element (elt_name) VALUES ('the-map-element');
INSERT INTO element (elt_name) VALUES ('the-mark-element');
INSERT INTO element (elt_name) VALUES ('the-meta-element');
INSERT INTO element (elt_name) VALUES ('the-meter-element');
INSERT INTO element (elt_name) VALUES ('the-nav-element');
INSERT INTO element (elt_name) VALUES ('the-noscript-element');
INSERT INTO element (elt_name) VALUES ('the-object-element');
INSERT INTO element (elt_name) VALUES ('the-ol-element');
INSERT INTO element (elt_name) VALUES ('the-optgroup-element');
INSERT INTO element (elt_name) VALUES ('the-option-element');
INSERT INTO element (elt_name) VALUES ('the-output-element');
INSERT INTO element (elt_name) VALUES ('the-p-element');
INSERT INTO element (elt_name) VALUES ('the-param-element');
INSERT INTO element (elt_name) VALUES ('the-pre-element');
INSERT INTO element (elt_name) VALUES ('the-progress-element');
INSERT INTO element (elt_name) VALUES ('the-q-element');
INSERT INTO element (elt_name) VALUES ('the-rb-element');
INSERT INTO element (elt_name) VALUES ('the-rp-element');
INSERT INTO element (elt_name) VALUES ('the-rt-element');
INSERT INTO element (elt_name) VALUES ('the-rtc-element');
INSERT INTO element (elt_name) VALUES ('the-ruby-element');
INSERT INTO element (elt_name) VALUES ('the-s-element');
INSERT INTO element (elt_name) VALUES ('the-samp-element');
INSERT INTO element (elt_name) VALUES ('the-script-element');
INSERT INTO element (elt_name) VALUES ('the-section-element');
INSERT INTO element (elt_name) VALUES ('the-select-element');
INSERT INTO element (elt_name) VALUES ('the-small-element');
INSERT INTO element (elt_name) VALUES ('the-source-element');
INSERT INTO element (elt_name) VALUES ('the-span-element');
INSERT INTO element (elt_name) VALUES ('the-strong-element');
INSERT INTO element (elt_name) VALUES ('the-style-element');
INSERT INTO element (elt_name) VALUES ('the-sub-and-sup-elements');
INSERT INTO element (elt_name) VALUES ('the-table-element');
INSERT INTO element (elt_name) VALUES ('the-tbody-element');
INSERT INTO element (elt_name) VALUES ('the-td-element');
INSERT INTO element (elt_name) VALUES ('the-template-element');
INSERT INTO element (elt_name) VALUES ('the-textarea-element');
INSERT INTO element (elt_name) VALUES ('the-tfoot-element');
INSERT INTO element (elt_name) VALUES ('the-th-element');
INSERT INTO element (elt_name) VALUES ('the-thead-element');
INSERT INTO element (elt_name) VALUES ('the-time-element');
INSERT INTO element (elt_name) VALUES ('the-title-element');
INSERT INTO element (elt_name) VALUES ('the-tr-element');
INSERT INTO element (elt_name) VALUES ('the-track-element');
INSERT INTO element (elt_name) VALUES ('the-u-element');
INSERT INTO element (elt_name) VALUES ('the-ul-element');
INSERT INTO element (elt_name) VALUES ('the-var-element');
INSERT INTO element (elt_name) VALUES ('the-video-element');
INSERT INTO element (elt_name) VALUES ('the-wbr-element');

INSERT INTO category (cat_name) VALUES ('embedded-content-2');
INSERT INTO category (cat_name) VALUES ('flow-content-1');
INSERT INTO category (cat_name) VALUES ('form-associated-element');
INSERT INTO category (cat_name) VALUES ('heading-content-0');
INSERT INTO category (cat_name) VALUES ('interactive-content-0');
INSERT INTO category (cat_name) VALUES ('metadata-content-0');
INSERT INTO category (cat_name) VALUES ('palpable-content-0');
INSERT INTO category (cat_name) VALUES ('phrasing-content-1');
INSERT INTO category (cat_name) VALUES ('script-supporting-elements-0');
INSERT INTO category (cat_name) VALUES ('sectioning-content-0');
INSERT INTO category (cat_name) VALUES ('sectioning-root');

INSERT INTO element_category (elt_name, cat_name) VALUES ('the-a-element', 'palpable-content-0');
INSERT INTO element_category (elt_name, cat_name) VALUES ('the-a-element', 'interactive-content-0');
INSERT INTO element_category (elt_name, cat_name) VALUES ('the-a-element', 'phrasing-content-1');
INSERT INTO element_category (elt_name, cat_name) VALUES ('the-a-element', 'flow-content-1');
INSERT INTO element_category (elt_name, cat_name) VALUES ('the-abbr-element', 'palpable-content-0');
INSERT INTO element_category (elt_name, cat_name) VALUES ('the-abbr-element', 'phrasing-content-1');
INSERT INTO element_category (elt_name, cat_name) VALUES ('the-abbr-element', 'flow-content-1');
INSERT INTO element_category (elt_name, cat_name) VALUES ('the-address-element', 'palpable-content-0');
INSERT INTO element_category (elt_name, cat_name) VALUES ('the-address-element', 'flow-content-1');
INSERT INTO element_category (elt_name, cat_name) VALUES ('the-area-element', 'phrasing-content-1');
INSERT INTO element_category (elt_name, cat_name) VALUES ('the-area-element', 'flow-content-1');
INSERT INTO element_category (elt_name, cat_name) VALUES ('the-article-element', 'palpable-content-0');
INSERT INTO element_category (elt_name, cat_name) VALUES ('the-article-element', 'sectioning-content-0');
INSERT INTO element_category (elt_name, cat_name) VALUES ('the-aside-element', 'palpable-content-0');
INSERT INTO element_category (elt_name, cat_name) VALUES ('the-aside-element', 'sectioning-content-0');
INSERT INTO element_category (elt_name, cat_name) VALUES ('the-aside-element', 'flow-content-1');
INSERT INTO element_category (elt_name, cat_name, elc_has_attr) VALUES ('the-audio-element', 'palpable-content-0', 'attr-media-controls');
INSERT INTO element_category (elt_name, cat_name, elc_has_attr) VALUES ('the-audio-element', 'interactive-content-0', 'attr-media-controls');
INSERT INTO element_category (elt_name, cat_name) VALUES ('the-audio-element', 'embedded-content-2');
INSERT INTO element_category (elt_name, cat_name) VALUES ('the-audio-element', 'phrasing-content-1');
INSERT INTO element_category (elt_name, cat_name) VALUES ('the-audio-element', 'flow-content-1');
INSERT INTO element_category (elt_name, cat_name) VALUES ('the-b-element', 'palpable-content-0');
INSERT INTO element_category (elt_name, cat_name) VALUES ('the-b-element', 'phrasing-content-1');
INSERT INTO element_category (elt_name, cat_name) VALUES ('the-b-element', 'flow-content-1');
INSERT INTO element_category (elt_name, cat_name) VALUES ('the-base-element', 'metadata-content-0');
INSERT INTO element_category (elt_name, cat_name) VALUES ('the-bdi-element', 'palpable-content-0');
INSERT INTO element_category (elt_name, cat_name) VALUES ('the-bdi-element', 'phrasing-content-1');
INSERT INTO element_category (elt_name, cat_name) VALUES ('the-bdi-element', 'flow-content-1');
INSERT INTO element_category (elt_name, cat_name) VALUES ('the-bdo-element', 'palpable-content-0');
INSERT INTO element_category (elt_name, cat_name) VALUES ('the-bdo-element', 'phrasing-content-1');
INSERT INTO element_category (elt_name, cat_name) VALUES ('the-bdo-element', 'flow-content-1');
INSERT INTO element_category (elt_name, cat_name) VALUES ('the-blockquote-element', 'palpable-content-0');
INSERT INTO element_category (elt_name, cat_name) VALUES ('the-blockquote-element', 'sectioning-root');
INSERT INTO element_category (elt_name, cat_name) VALUES ('the-blockquote-element', 'flow-content-1');
INSERT INTO element_category (elt_name, cat_name) VALUES ('the-body-element', 'sectioning-root');
INSERT INTO element_category (elt_name, cat_name) VALUES ('the-br-element', 'phrasing-content-1');
INSERT INTO element_category (elt_name, cat_name) VALUES ('the-br-element', 'flow-content-1');
INSERT INTO element_category (elt_name, cat_name) VALUES ('the-button-element', 'palpable-content-0');
INSERT INTO element_category (elt_name, cat_name) VALUES ('the-button-element', 'interactive-content-0');
INSERT INTO element_category (elt_name, cat_name) VALUES ('the-button-element', 'phrasing-content-1');
INSERT INTO element_category (elt_name, cat_name) VALUES ('the-button-element', 'flow-content-1');
INSERT INTO element_category (elt_name, cat_name) VALUES ('the-canvas-element', 'palpable-content-0');
INSERT INTO element_category (elt_name, cat_name) VALUES ('the-canvas-element', 'embedded-content-2');
INSERT INTO element_category (elt_name, cat_name) VALUES ('the-canvas-element', 'phrasing-content-1');
INSERT INTO element_category (elt_name, cat_name) VALUES ('the-canvas-element', 'flow-content-1');
INSERT INTO element_category (elt_name, cat_name) VALUES ('the-cite-element', 'palpable-content-0');
INSERT INTO element_category (elt_name, cat_name) VALUES ('the-cite-element', 'phrasing-content-1');
INSERT INTO element_category (elt_name, cat_name) VALUES ('the-cite-element', 'flow-content-1');
INSERT INTO element_category (elt_name, cat_name) VALUES ('the-code-element', 'palpable-content-0');
INSERT INTO element_category (elt_name, cat_name) VALUES ('the-code-element', 'phrasing-content-1');
INSERT INTO element_category (elt_name, cat_name) VALUES ('the-code-element', 'flow-content-1');
INSERT INTO element_category (elt_name, cat_name) VALUES ('the-data-element', 'palpable-content-0');
INSERT INTO element_category (elt_name, cat_name) VALUES ('the-data-element', 'phrasing-content-1');
INSERT INTO element_category (elt_name, cat_name) VALUES ('the-data-element', 'flow-content-1');
INSERT INTO element_category (elt_name, cat_name) VALUES ('the-datalist-element', 'phrasing-content-1');
INSERT INTO element_category (elt_name, cat_name) VALUES ('the-datalist-element', 'flow-content-1');
INSERT INTO element_category (elt_name, cat_name) VALUES ('the-del-element', 'phrasing-content-1');
INSERT INTO element_category (elt_name, cat_name) VALUES ('the-del-element', 'flow-content-1');
INSERT INTO element_category (elt_name, cat_name) VALUES ('the-dfn-element', 'palpable-content-0');
INSERT INTO element_category (elt_name, cat_name) VALUES ('the-dfn-element', 'phrasing-content-1');
INSERT INTO element_category (elt_name, cat_name) VALUES ('the-dfn-element', 'flow-content-1');
INSERT INTO element_category (elt_name, cat_name) VALUES ('the-div-element', 'palpable-content-0');
INSERT INTO element_category (elt_name, cat_name) VALUES ('the-div-element', 'flow-content-1');
INSERT INTO element_category (elt_name, cat_name, elc_has_elts) VALUES ('the-dl-element', 'palpable-content-0', '{dt, dd}');
INSERT INTO element_category (elt_name, cat_name) VALUES ('the-dl-element', 'flow-content-1');
INSERT INTO element_category (elt_name, cat_name) VALUES ('the-em-element', 'palpable-content-0');
INSERT INTO element_category (elt_name, cat_name) VALUES ('the-em-element', 'phrasing-content-1');
INSERT INTO element_category (elt_name, cat_name) VALUES ('the-em-element', 'flow-content-1');
INSERT INTO element_category (elt_name, cat_name) VALUES ('the-embed-element', 'palpable-content-0');
INSERT INTO element_category (elt_name, cat_name) VALUES ('the-embed-element', 'interactive-content-0');
INSERT INTO element_category (elt_name, cat_name) VALUES ('the-embed-element', 'embedded-content-2');
INSERT INTO element_category (elt_name, cat_name) VALUES ('the-embed-element', 'phrasing-content-1');
INSERT INTO element_category (elt_name, cat_name) VALUES ('the-embed-element', 'flow-content-1');
INSERT INTO element_category (elt_name, cat_name) VALUES ('the-fieldset-element', 'palpable-content-0');
INSERT INTO element_category (elt_name, cat_name) VALUES ('the-fieldset-element', 'sectioning-root');
INSERT INTO element_category (elt_name, cat_name) VALUES ('the-fieldset-element', 'flow-content-1');
INSERT INTO element_category (elt_name, cat_name) VALUES ('the-figure-element', 'palpable-content-0');
INSERT INTO element_category (elt_name, cat_name) VALUES ('the-figure-element', 'sectioning-root');
INSERT INTO element_category (elt_name, cat_name) VALUES ('the-figure-element', 'flow-content-1');
INSERT INTO element_category (elt_name, cat_name) VALUES ('the-footer-element', 'palpable-content-0');
INSERT INTO element_category (elt_name, cat_name) VALUES ('the-footer-element', 'flow-content-1');
INSERT INTO element_category (elt_name, cat_name) VALUES ('the-form-element', 'palpable-content-0');
INSERT INTO element_category (elt_name, cat_name) VALUES ('the-form-element', 'flow-content-1');
INSERT INTO element_category (elt_name, cat_name) VALUES ('the-h1,-h2,-h3,-h4,-h5,-and-h6-elements', 'palpable-content-0');
INSERT INTO element_category (elt_name, cat_name) VALUES ('the-h1,-h2,-h3,-h4,-h5,-and-h6-elements', 'heading-content-0');
INSERT INTO element_category (elt_name, cat_name) VALUES ('the-h1,-h2,-h3,-h4,-h5,-and-h6-elements', 'flow-content-1');
INSERT INTO element_category (elt_name, cat_name) VALUES ('the-header-element', 'palpable-content-0');
INSERT INTO element_category (elt_name, cat_name) VALUES ('the-header-element', 'flow-content-1');
INSERT INTO element_category (elt_name, cat_name) VALUES ('the-hr-element', 'flow-content-1');
INSERT INTO element_category (elt_name, cat_name) VALUES ('the-i-element', 'palpable-content-0');
INSERT INTO element_category (elt_name, cat_name) VALUES ('the-i-element', 'phrasing-content-1');
INSERT INTO element_category (elt_name, cat_name) VALUES ('the-i-element', 'flow-content-1');
INSERT INTO element_category (elt_name, cat_name) VALUES ('the-iframe-element', 'palpable-content-0');
INSERT INTO element_category (elt_name, cat_name) VALUES ('the-iframe-element', 'interactive-content-0');
INSERT INTO element_category (elt_name, cat_name) VALUES ('the-iframe-element', 'embedded-content-2');
INSERT INTO element_category (elt_name, cat_name) VALUES ('the-iframe-element', 'phrasing-content-1');
INSERT INTO element_category (elt_name, cat_name) VALUES ('the-iframe-element', 'flow-content-1');
INSERT INTO element_category (elt_name, cat_name) VALUES ('the-img-element', 'palpable-content-0');
INSERT INTO element_category (elt_name, cat_name, elc_has_attr) VALUES ('the-img-element', 'interactive-content-0', 'attr-hyperlink-usemap');
INSERT INTO element_category (elt_name, cat_name) VALUES ('the-img-element', 'form-associated-element');
INSERT INTO element_category (elt_name, cat_name) VALUES ('the-img-element', 'embedded-content-2');
INSERT INTO element_category (elt_name, cat_name) VALUES ('the-img-element', 'phrasing-content-1');
INSERT INTO element_category (elt_name, cat_name) VALUES ('the-img-element', 'flow-content-1');
INSERT INTO element_category (elt_name, cat_name) VALUES ('the-input-element', 'phrasing-content-1');
INSERT INTO element_category (elt_name, cat_name) VALUES ('the-input-element', 'flow-content-1');
INSERT INTO element_category (elt_name, cat_name) VALUES ('the-ins-element', 'palpable-content-0');
INSERT INTO element_category (elt_name, cat_name) VALUES ('the-ins-element', 'phrasing-content-1');
INSERT INTO element_category (elt_name, cat_name) VALUES ('the-ins-element', 'flow-content-1');
INSERT INTO element_category (elt_name, cat_name) VALUES ('the-kbd-element', 'palpable-content-0');
INSERT INTO element_category (elt_name, cat_name) VALUES ('the-kbd-element', 'phrasing-content-1');
INSERT INTO element_category (elt_name, cat_name) VALUES ('the-kbd-element', 'flow-content-1');
INSERT INTO element_category (elt_name, cat_name) VALUES ('the-keygen-element', 'palpable-content-0');
INSERT INTO element_category (elt_name, cat_name) VALUES ('the-keygen-element', 'interactive-content-0');
INSERT INTO element_category (elt_name, cat_name) VALUES ('the-keygen-element', 'phrasing-content-1');
INSERT INTO element_category (elt_name, cat_name) VALUES ('the-keygen-element', 'flow-content-1');
INSERT INTO element_category (elt_name, cat_name) VALUES ('the-label-element', 'palpable-content-0');
INSERT INTO element_category (elt_name, cat_name) VALUES ('the-label-element', 'interactive-content-0');
INSERT INTO element_category (elt_name, cat_name) VALUES ('the-label-element', 'phrasing-content-1');
INSERT INTO element_category (elt_name, cat_name) VALUES ('the-label-element', 'flow-content-1');
INSERT INTO element_category (elt_name, cat_name) VALUES ('the-link-element', 'metadata-content-0');
INSERT INTO element_category (elt_name, cat_name) VALUES ('the-main-element', 'palpable-content-0');
INSERT INTO element_category (elt_name, cat_name) VALUES ('the-main-element', 'flow-content-1');
INSERT INTO element_category (elt_name, cat_name) VALUES ('the-map-element', 'palpable-content-0');
INSERT INTO element_category (elt_name, cat_name) VALUES ('the-map-element', 'phrasing-content-1');
INSERT INTO element_category (elt_name, cat_name) VALUES ('the-map-element', 'flow-content-1');
INSERT INTO element_category (elt_name, cat_name) VALUES ('the-mark-element', 'palpable-content-0');
INSERT INTO element_category (elt_name, cat_name) VALUES ('the-mark-element', 'phrasing-content-1');
INSERT INTO element_category (elt_name, cat_name) VALUES ('the-mark-element', 'flow-content-1');
INSERT INTO element_category (elt_name, cat_name) VALUES ('the-meta-element', 'metadata-content-0');
INSERT INTO element_category (elt_name, cat_name) VALUES ('the-meter-element', 'palpable-content-0');
INSERT INTO element_category (elt_name, cat_name) VALUES ('the-meter-element', 'phrasing-content-1');
INSERT INTO element_category (elt_name, cat_name) VALUES ('the-meter-element', 'flow-content-1');
INSERT INTO element_category (elt_name, cat_name) VALUES ('the-nav-element', 'palpable-content-0');
INSERT INTO element_category (elt_name, cat_name) VALUES ('the-nav-element', 'sectioning-content-0');
INSERT INTO element_category (elt_name, cat_name) VALUES ('the-nav-element', 'flow-content-1');
INSERT INTO element_category (elt_name, cat_name) VALUES ('the-noscript-element', 'phrasing-content-1');
INSERT INTO element_category (elt_name, cat_name) VALUES ('the-noscript-element', 'flow-content-1');
INSERT INTO element_category (elt_name, cat_name) VALUES ('the-noscript-element', 'metadata-content-0');
INSERT INTO element_category (elt_name, cat_name) VALUES ('the-object-element', 'palpable-content-0');
INSERT INTO element_category (elt_name, cat_name, elc_has_attr) VALUES ('the-object-element', 'interactive-content-0', 'attr-hyperlink-usemap');
INSERT INTO element_category (elt_name, cat_name) VALUES ('the-object-element', 'embedded-content-2');
INSERT INTO element_category (elt_name, cat_name) VALUES ('the-object-element', 'phrasing-content-1');
INSERT INTO element_category (elt_name, cat_name) VALUES ('the-object-element', 'flow-content-1');
INSERT INTO element_category (elt_name, cat_name, elc_has_elts) VALUES ('the-ol-element', 'palpable-content-0', '{the-li-element}');
INSERT INTO element_category (elt_name, cat_name) VALUES ('the-ol-element', 'flow-content-1');
INSERT INTO element_category (elt_name, cat_name) VALUES ('the-output-element', 'palpable-content-0');
INSERT INTO element_category (elt_name, cat_name) VALUES ('the-output-element', 'phrasing-content-1');
INSERT INTO element_category (elt_name, cat_name) VALUES ('the-output-element', 'flow-content-1');
INSERT INTO element_category (elt_name, cat_name) VALUES ('the-p-element', 'palpable-content-0');
INSERT INTO element_category (elt_name, cat_name) VALUES ('the-p-element', 'flow-content-1');
INSERT INTO element_category (elt_name, cat_name) VALUES ('the-pre-element', 'palpable-content-0');
INSERT INTO element_category (elt_name, cat_name) VALUES ('the-pre-element', 'flow-content-1');
INSERT INTO element_category (elt_name, cat_name) VALUES ('the-progress-element', 'palpable-content-0');
INSERT INTO element_category (elt_name, cat_name) VALUES ('the-progress-element', 'phrasing-content-1');
INSERT INTO element_category (elt_name, cat_name) VALUES ('the-progress-element', 'flow-content-1');
INSERT INTO element_category (elt_name, cat_name) VALUES ('the-q-element', 'palpable-content-0');
INSERT INTO element_category (elt_name, cat_name) VALUES ('the-q-element', 'phrasing-content-1');
INSERT INTO element_category (elt_name, cat_name) VALUES ('the-q-element', 'flow-content-1');
INSERT INTO element_category (elt_name, cat_name) VALUES ('the-ruby-element', 'palpable-content-0');
INSERT INTO element_category (elt_name, cat_name) VALUES ('the-ruby-element', 'phrasing-content-1');
INSERT INTO element_category (elt_name, cat_name) VALUES ('the-ruby-element', 'flow-content-1');
INSERT INTO element_category (elt_name, cat_name) VALUES ('the-s-element', 'palpable-content-0');
INSERT INTO element_category (elt_name, cat_name) VALUES ('the-s-element', 'phrasing-content-1');
INSERT INTO element_category (elt_name, cat_name) VALUES ('the-s-element', 'flow-content-1');
INSERT INTO element_category (elt_name, cat_name) VALUES ('the-samp-element', 'palpable-content-0');
INSERT INTO element_category (elt_name, cat_name) VALUES ('the-samp-element', 'phrasing-content-1');
INSERT INTO element_category (elt_name, cat_name) VALUES ('the-samp-element', 'flow-content-1');
INSERT INTO element_category (elt_name, cat_name) VALUES ('the-script-element', 'phrasing-content-1');
INSERT INTO element_category (elt_name, cat_name) VALUES ('the-script-element', 'flow-content-1');
INSERT INTO element_category (elt_name, cat_name) VALUES ('the-script-element', 'metadata-content-0');
INSERT INTO element_category (elt_name, cat_name) VALUES ('the-section-element', 'palpable-content-0');
INSERT INTO element_category (elt_name, cat_name) VALUES ('the-section-element', 'sectioning-content-0');
INSERT INTO element_category (elt_name, cat_name) VALUES ('the-section-element', 'flow-content-1');
INSERT INTO element_category (elt_name, cat_name) VALUES ('the-select-element', 'palpable-content-0');
INSERT INTO element_category (elt_name, cat_name) VALUES ('the-select-element', 'interactive-content-0');
INSERT INTO element_category (elt_name, cat_name) VALUES ('the-select-element', 'phrasing-content-1');
INSERT INTO element_category (elt_name, cat_name) VALUES ('the-select-element', 'flow-content-1');
INSERT INTO element_category (elt_name, cat_name) VALUES ('the-small-element', 'palpable-content-0');
INSERT INTO element_category (elt_name, cat_name) VALUES ('the-small-element', 'phrasing-content-1');
INSERT INTO element_category (elt_name, cat_name) VALUES ('the-small-element', 'flow-content-1');
INSERT INTO element_category (elt_name, cat_name) VALUES ('the-span-element', 'palpable-content-0');
INSERT INTO element_category (elt_name, cat_name) VALUES ('the-span-element', 'phrasing-content-1');
INSERT INTO element_category (elt_name, cat_name) VALUES ('the-span-element', 'flow-content-1');
INSERT INTO element_category (elt_name, cat_name) VALUES ('the-strong-element', 'palpable-content-0');
INSERT INTO element_category (elt_name, cat_name) VALUES ('the-strong-element', 'phrasing-content-1');
INSERT INTO element_category (elt_name, cat_name) VALUES ('the-strong-element', 'flow-content-1');
INSERT INTO element_category (elt_name, cat_name) VALUES ('the-style-element', 'metadata-content-0');
INSERT INTO element_category (elt_name, cat_name) VALUES ('the-sub-and-sup-elements', 'palpable-content-0');
INSERT INTO element_category (elt_name, cat_name) VALUES ('the-sub-and-sup-elements', 'phrasing-content-1');
INSERT INTO element_category (elt_name, cat_name) VALUES ('the-sub-and-sup-elements', 'flow-content-1');
INSERT INTO element_category (elt_name, cat_name) VALUES ('the-table-element', 'palpable-content-0');
INSERT INTO element_category (elt_name, cat_name) VALUES ('the-table-element', 'flow-content-1');
INSERT INTO element_category (elt_name, cat_name) VALUES ('the-td-element', 'sectioning-root');
INSERT INTO element_category (elt_name, cat_name) VALUES ('the-template-element', 'phrasing-content-1');
INSERT INTO element_category (elt_name, cat_name) VALUES ('the-template-element', 'flow-content-1');
INSERT INTO element_category (elt_name, cat_name) VALUES ('the-template-element', 'metadata-content-0');
INSERT INTO element_category (elt_name, cat_name) VALUES ('the-textarea-element', 'palpable-content-0');
INSERT INTO element_category (elt_name, cat_name) VALUES ('the-textarea-element', 'interactive-content-0');
INSERT INTO element_category (elt_name, cat_name) VALUES ('the-textarea-element', 'phrasing-content-1');
INSERT INTO element_category (elt_name, cat_name) VALUES ('the-textarea-element', 'flow-content-1');
INSERT INTO element_category (elt_name, cat_name) VALUES ('the-time-element', 'palpable-content-0');
INSERT INTO element_category (elt_name, cat_name) VALUES ('the-time-element', 'phrasing-content-1');
INSERT INTO element_category (elt_name, cat_name) VALUES ('the-time-element', 'flow-content-1');
INSERT INTO element_category (elt_name, cat_name) VALUES ('the-title-element', 'metadata-content-0');
INSERT INTO element_category (elt_name, cat_name) VALUES ('the-u-element', 'palpable-content-0');
INSERT INTO element_category (elt_name, cat_name) VALUES ('the-u-element', 'phrasing-content-1');
INSERT INTO element_category (elt_name, cat_name) VALUES ('the-u-element', 'flow-content-1');
INSERT INTO element_category (elt_name, cat_name, elc_has_elts) VALUES ('the-ul-element', 'palpable-content-0', '{the-li-element}');
INSERT INTO element_category (elt_name, cat_name) VALUES ('the-ul-element', 'flow-content-1');
INSERT INTO element_category (elt_name, cat_name) VALUES ('the-var-element', 'palpable-content-0');
INSERT INTO element_category (elt_name, cat_name) VALUES ('the-var-element', 'phrasing-content-1');
INSERT INTO element_category (elt_name, cat_name) VALUES ('the-var-element', 'flow-content-1');
INSERT INTO element_category (elt_name, cat_name) VALUES ('the-video-element', 'palpable-content-0');
INSERT INTO element_category (elt_name, cat_name, elc_has_attr) VALUES ('the-video-element', 'interactive-content-0', 'attr-media-controls');
INSERT INTO element_category (elt_name, cat_name) VALUES ('the-video-element', 'embedded-content-2');
INSERT INTO element_category (elt_name, cat_name) VALUES ('the-video-element', 'phrasing-content-1');
INSERT INTO element_category (elt_name, cat_name) VALUES ('the-video-element', 'flow-content-1');
INSERT INTO element_category (elt_name, cat_name) VALUES ('the-wbr-element', 'phrasing-content-1');
INSERT INTO element_category (elt_name, cat_name) VALUES ('the-wbr-element', 'flow-content-1');

INSERT INTO element_context_category (elt_name, cat_name) VALUES ('the-a-element', 'phrasing-content-1');
INSERT INTO element_context_category (elt_name, cat_name) VALUES ('the-abbr-element', 'phrasing-content-1');
INSERT INTO element_context_category (elt_name, cat_name) VALUES ('the-address-element', 'flow-content-1');
INSERT INTO element_context_category (elt_name, cat_name) VALUES ('the-article-element', 'flow-content-1');
INSERT INTO element_context_category (elt_name, cat_name) VALUES ('the-aside-element', 'flow-content-1');
INSERT INTO element_context_category (elt_name, cat_name) VALUES ('the-audio-element', 'embedded-content-2');
INSERT INTO element_context_category (elt_name, cat_name) VALUES ('the-b-element', 'phrasing-content-1');
INSERT INTO element_context_child_of (elt_name, ecc_child_of, ecc_first, ecc_once) VALUES ('the-base-element', 'the-head-element', FALSE, TRUE);
INSERT INTO element_context_category (elt_name, cat_name) VALUES ('the-bdi-element', 'phrasing-content-1');
INSERT INTO element_context_category (elt_name, cat_name) VALUES ('the-bdo-element', 'phrasing-content-1');
INSERT INTO element_context_category (elt_name, cat_name) VALUES ('the-blockquote-element', 'flow-content-1');
INSERT INTO element_context_category (elt_name, cat_name) VALUES ('the-br-element', 'phrasing-content-1');
INSERT INTO element_context_category (elt_name, cat_name) VALUES ('the-button-element', 'phrasing-content-1');
INSERT INTO element_context_category (elt_name, cat_name) VALUES ('the-canvas-element', 'embedded-content-2');
INSERT INTO element_context_category (elt_name, cat_name) VALUES ('the-cite-element', 'phrasing-content-1');
INSERT INTO element_context_category (elt_name, cat_name) VALUES ('the-code-element', 'phrasing-content-1');
INSERT INTO element_context_category (elt_name, cat_name) VALUES ('the-data-element', 'phrasing-content-1');
INSERT INTO element_context_category (elt_name, cat_name) VALUES ('the-datalist-element', 'phrasing-content-1');
INSERT INTO element_context_category (elt_name, cat_name) VALUES ('the-del-element', 'phrasing-content-1');
INSERT INTO element_context_category (elt_name, cat_name) VALUES ('the-dfn-element', 'phrasing-content-1');
INSERT INTO element_context_category (elt_name, cat_name) VALUES ('the-div-element', 'flow-content-1');
INSERT INTO element_context_category (elt_name, cat_name) VALUES ('the-dl-element', 'flow-content-1');
INSERT INTO element_context_category (elt_name, cat_name) VALUES ('the-em-element', 'phrasing-content-1');
INSERT INTO element_context_category (elt_name, cat_name) VALUES ('the-embed-element', 'embedded-content-2');
INSERT INTO element_context_category (elt_name, cat_name) VALUES ('the-fieldset-element', 'flow-content-1');
INSERT INTO element_context_category (elt_name, cat_name) VALUES ('the-figure-element', 'flow-content-1');
INSERT INTO element_context_category (elt_name, cat_name) VALUES ('the-footer-element', 'flow-content-1');
INSERT INTO element_context_category (elt_name, cat_name) VALUES ('the-form-element', 'flow-content-1');
INSERT INTO element_context_category (elt_name, cat_name) VALUES ('the-h1,-h2,-h3,-h4,-h5,-and-h6-elements', 'flow-content-1');
INSERT INTO element_context_child_of (elt_name, ecc_child_of, ecc_first, ecc_once) VALUES ('the-head-element', 'the-html-element', TRUE, FALSE);
INSERT INTO element_context_category (elt_name, cat_name) VALUES ('the-header-element', 'flow-content-1');
INSERT INTO element_context_category (elt_name, cat_name) VALUES ('the-hr-element', 'flow-content-1');
INSERT INTO element_context_subdocument (elt_name) VALUES ('the-html-element');
INSERT INTO element_context_root (elt_name) VALUES ('the-html-element');
INSERT INTO element_context_category (elt_name, cat_name) VALUES ('the-i-element', 'phrasing-content-1');
INSERT INTO element_context_category (elt_name, cat_name) VALUES ('the-iframe-element', 'embedded-content-2');
INSERT INTO element_context_category (elt_name, cat_name) VALUES ('the-img-element', 'embedded-content-2');
INSERT INTO element_context_category (elt_name, cat_name) VALUES ('the-input-element', 'phrasing-content-1');
INSERT INTO element_context_category (elt_name, cat_name) VALUES ('the-ins-element', 'phrasing-content-1');
INSERT INTO element_context_category (elt_name, cat_name) VALUES ('the-kbd-element', 'phrasing-content-1');
INSERT INTO element_context_category (elt_name, cat_name) VALUES ('the-keygen-element', 'phrasing-content-1');
INSERT INTO element_context_category (elt_name, cat_name) VALUES ('the-label-element', 'phrasing-content-1');
INSERT INTO element_context_child_of (elt_name, ecc_child_of, ecc_first, ecc_once) VALUES ('the-legend-element', 'the-fieldset-element', TRUE, FALSE);
INSERT INTO element_context_child_of (elt_name, ecc_child_of, ecc_first, ecc_once) VALUES ('the-li-element', 'the-ul-element', FALSE, FALSE);
INSERT INTO element_context_child_of (elt_name, ecc_child_of, ecc_first, ecc_once) VALUES ('the-li-element', 'the-ol-element', FALSE, FALSE);
INSERT INTO element_context_subelement (elt_name, ecs_elt, ecs_sub) VALUES ('the-link-element', 'the-noscript-element', 'the-head-element');
INSERT INTO element_context_category (elt_name, cat_name) VALUES ('the-link-element', 'metadata-content-0');
INSERT INTO element_context_category (elt_name, cat_name) VALUES ('the-map-element', 'phrasing-content-1');
INSERT INTO element_context_category (elt_name, cat_name) VALUES ('the-mark-element', 'phrasing-content-1');
INSERT INTO element_context_category (elt_name, cat_name) VALUES ('the-meter-element', 'phrasing-content-1');
INSERT INTO element_context_category (elt_name, cat_name) VALUES ('the-nav-element', 'flow-content-1');
INSERT INTO element_context_category (elt_name, cat_name) VALUES ('the-object-element', 'embedded-content-2');
INSERT INTO element_context_category (elt_name, cat_name) VALUES ('the-ol-element', 'flow-content-1');
INSERT INTO element_context_child_of (elt_name, ecc_child_of, ecc_first, ecc_once) VALUES ('the-optgroup-element', 'the-select-element', FALSE, FALSE);
INSERT INTO element_context_child_of (elt_name, ecc_child_of, ecc_first, ecc_once) VALUES ('the-option-element', 'the-optgroup-element', FALSE, FALSE);
INSERT INTO element_context_child_of (elt_name, ecc_child_of, ecc_first, ecc_once) VALUES ('the-option-element', 'the-datalist-element', FALSE, FALSE);
INSERT INTO element_context_child_of (elt_name, ecc_child_of, ecc_first, ecc_once) VALUES ('the-option-element', 'the-select-element', FALSE, FALSE);
INSERT INTO element_context_category (elt_name, cat_name) VALUES ('the-output-element', 'phrasing-content-1');
INSERT INTO element_context_category (elt_name, cat_name) VALUES ('the-p-element', 'flow-content-1');
INSERT INTO element_context_category (elt_name, cat_name) VALUES ('the-pre-element', 'flow-content-1');
INSERT INTO element_context_category (elt_name, cat_name) VALUES ('the-progress-element', 'phrasing-content-1');
INSERT INTO element_context_category (elt_name, cat_name) VALUES ('the-q-element', 'phrasing-content-1');
INSERT INTO element_context_child_of (elt_name, ecc_child_of, ecc_first, ecc_once) VALUES ('the-rb-element', 'the-ruby-element', FALSE, FALSE);
INSERT INTO element_context_child_of (elt_name, ecc_child_of, ecc_first, ecc_once) VALUES ('the-rtc-element', 'the-ruby-element', FALSE, FALSE);
INSERT INTO element_context_category (elt_name, cat_name) VALUES ('the-ruby-element', 'phrasing-content-1');
INSERT INTO element_context_category (elt_name, cat_name) VALUES ('the-s-element', 'phrasing-content-1');
INSERT INTO element_context_category (elt_name, cat_name) VALUES ('the-samp-element', 'phrasing-content-1');
INSERT INTO element_context_category (elt_name, cat_name) VALUES ('the-script-element', 'script-supporting-elements-0');
INSERT INTO element_context_category (elt_name, cat_name) VALUES ('the-script-element', 'phrasing-content-1');
INSERT INTO element_context_category (elt_name, cat_name) VALUES ('the-script-element', 'metadata-content-0');
INSERT INTO element_context_category (elt_name, cat_name) VALUES ('the-section-element', 'flow-content-1');
INSERT INTO element_context_category (elt_name, cat_name) VALUES ('the-select-element', 'phrasing-content-1');
INSERT INTO element_context_category (elt_name, cat_name) VALUES ('the-small-element', 'phrasing-content-1');
INSERT INTO element_context_category (elt_name, cat_name) VALUES ('the-span-element', 'phrasing-content-1');
INSERT INTO element_context_category (elt_name, cat_name) VALUES ('the-strong-element', 'phrasing-content-1');
INSERT INTO element_context_subelement (elt_name, ecs_elt, ecs_sub) VALUES ('the-style-element', 'the-noscript-element', 'the-head-element');
INSERT INTO element_context_category (elt_name, cat_name) VALUES ('the-style-element', 'metadata-content-0');
INSERT INTO element_context_category (elt_name, cat_name) VALUES ('the-sub-and-sup-elements', 'phrasing-content-1');
INSERT INTO element_context_category (elt_name, cat_name) VALUES ('the-table-element', 'flow-content-1');
INSERT INTO element_context_child_of (elt_name, ecc_child_of, ecc_first, ecc_once) VALUES ('the-td-element', 'the-tr-element', FALSE, FALSE);
INSERT INTO element_context_category (elt_name, cat_name) VALUES ('the-template-element', 'script-supporting-elements-0');
INSERT INTO element_context_category (elt_name, cat_name) VALUES ('the-template-element', 'phrasing-content-1');
INSERT INTO element_context_category (elt_name, cat_name) VALUES ('the-template-element', 'metadata-content-0');
INSERT INTO element_context_category (elt_name, cat_name) VALUES ('the-textarea-element', 'phrasing-content-1');
INSERT INTO element_context_child_of (elt_name, ecc_child_of, ecc_first, ecc_once) VALUES ('the-th-element', 'the-tr-element', FALSE, FALSE);
INSERT INTO element_context_category (elt_name, cat_name) VALUES ('the-time-element', 'phrasing-content-1');
INSERT INTO element_context_child_of (elt_name, ecc_child_of, ecc_first, ecc_once) VALUES ('the-title-element', 'the-head-element', FALSE, TRUE);
INSERT INTO element_context_child_of (elt_name, ecc_child_of, ecc_first, ecc_once) VALUES ('the-tr-element', 'the-tfoot-element', FALSE, FALSE);
INSERT INTO element_context_child_of (elt_name, ecc_child_of, ecc_first, ecc_once) VALUES ('the-tr-element', 'the-tbody-element', FALSE, FALSE);
INSERT INTO element_context_child_of (elt_name, ecc_child_of, ecc_first, ecc_once) VALUES ('the-tr-element', 'the-thead-element', FALSE, FALSE);
INSERT INTO element_context_category (elt_name, cat_name) VALUES ('the-u-element', 'phrasing-content-1');
INSERT INTO element_context_category (elt_name, cat_name) VALUES ('the-ul-element', 'flow-content-1');
INSERT INTO element_context_category (elt_name, cat_name) VALUES ('the-var-element', 'phrasing-content-1');
INSERT INTO element_context_category (elt_name, cat_name) VALUES ('the-video-element', 'embedded-content-2');
INSERT INTO element_context_category (elt_name, cat_name) VALUES ('the-wbr-element', 'phrasing-content-1');
INSERT INTO unparsed (elt_name, unp_section, unp_text) VALUES
('the-template-element', 'context', 'As a child of a <code><a href="#the-colgroup-element">colgroup</a></code> element that doesn''t have a <code data-anolis-xref="attr-colgroup-span"><a href="#attr-colgroup-span">span</a></code> attribute.')
, ('the-noscript-element', 'context', 'Where <a href="#phrasing-content-1">phrasing content</a> is expected in <a href="#html-documents">HTML documents</a>, if there are no ancestor <code><a href="#the-noscript-element">noscript</a></code> elements.')
, ('the-noscript-element', 'context', 'In a <code><a href="#the-head-element">head</a></code> element of an <a data-anolis-xref="HTML documents" href="#html-documents">HTML document</a>, if there are no ancestor <code><a href="#the-noscript-element">noscript</a></code> elements.')
, ('the-tr-element', 'context', 'As a child of a <code><a href="#the-table-element">table</a></code> element, after any
   <code><a href="#the-caption-element">caption</a></code>, <code><a href="#the-colgroup-element">colgroup</a></code>, and <code><a href="#the-thead-element">thead</a></code>
   elements, but only if there are no <code><a href="#the-tbody-element">tbody</a></code> elements that
   are children of the <code><a href="#the-table-element">table</a></code> element.')
, ('the-tfoot-element', 'context', 'As a child of a <code><a href="#the-table-element">table</a></code> element, after any
   <code><a href="#the-caption-element">caption</a></code>, <code><a href="#the-colgroup-element">colgroup</a></code>, <code><a href="#the-thead-element">thead</a></code>,
   <code><a href="#the-tbody-element">tbody</a></code>, and <code><a href="#the-tr-element">tr</a></code> elements, but only if there
   are no other <code><a href="#the-tfoot-element">tfoot</a></code> elements that are children of the
   <code><a href="#the-table-element">table</a></code> element.')
, ('the-tfoot-element', 'context', 'As a child of a <code><a href="#the-table-element">table</a></code> element, after any
   <code><a href="#the-caption-element">caption</a></code>, <code><a href="#the-colgroup-element">colgroup</a></code>, and <code><a href="#the-thead-element">thead</a></code>
   elements and before any <code><a href="#the-tbody-element">tbody</a></code> and <code><a href="#the-tr-element">tr</a></code>
   elements, but only if there are no other <code><a href="#the-tfoot-element">tfoot</a></code>
   elements that are children of the <code><a href="#the-table-element">table</a></code> element.')
, ('the-thead-element', 'context', 'As a child of a <code><a href="#the-table-element">table</a></code> element, after any
   <code><a href="#the-caption-element">caption</a></code>, and <code><a href="#the-colgroup-element">colgroup</a></code>
   elements and before any <code><a href="#the-tbody-element">tbody</a></code>, <code><a href="#the-tfoot-element">tfoot</a></code>, and
   <code><a href="#the-tr-element">tr</a></code> elements, but only if there are no other
   <code><a href="#the-thead-element">thead</a></code> elements that are children of the
   <code><a href="#the-table-element">table</a></code> element.')
, ('the-tbody-element', 'context', 'As a child of a <code><a href="#the-table-element">table</a></code> element, after any
   <code><a href="#the-caption-element">caption</a></code>, <code><a href="#the-colgroup-element">colgroup</a></code>, and
   <code><a href="#the-thead-element">thead</a></code> elements, but only if there are no
   <code><a href="#the-tr-element">tr</a></code> elements that are children of the
   <code><a href="#the-table-element">table</a></code> element.')
, ('the-col-element', 'context', 'As a child of a <code><a href="#the-colgroup-element">colgroup</a></code> element that doesn''t have
   a <code data-anolis-xref="attr-col-span"><a href="#attr-col-span">span</a></code> attribute.')
, ('the-colgroup-element', 'context', 'As a child of a <code><a href="#the-table-element">table</a></code> element, after any
   <code><a href="#the-caption-element">caption</a></code> elements and before any <code><a href="#the-thead-element">thead</a></code>,
   <code><a href="#the-tbody-element">tbody</a></code>, <code><a href="#the-tfoot-element">tfoot</a></code>, and <code><a href="#the-tr-element">tr</a></code>
   elements.')
, ('the-caption-element', 'context', 'As the first element child of a <code><a href="#the-table-element">table</a></code> element.')
, ('the-area-element', 'context', 'Where <a href="#phrasing-content-1">phrasing content</a> is expected, but only if there is a <code><a href="#the-map-element">map</a></code> element ancestor or a <code><a href="#the-template-element">template</a></code> element ancestor.')
, ('the-track-element', 'context', 'As a child of a <a href="#media-element">media element</a>, before any <a href="#flow-content-1">flow content</a>.')
, ('the-source-element', 'context', 'As a child of a <a href="#media-element">media element</a>, before any <a href="#flow-content-1">flow content</a>
 or <code><a href="#the-track-element">track</a></code> elements.')
, ('the-param-element', 'context', 'As a child of an <code><a href="#the-object-element">object</a></code> element, before any <a href="#flow-content-1">flow content</a>.')
, ('the-rp-element', 'context', '
      As a child of a <code><a href="#the-ruby-element">ruby</a></code> element, either immediately before or immediately 
      after an  <code><a href="#the-rt-element">rt</a></code> or <code><a href="#the-rtc-element">rtc</a></code> element, but not between <code><a href="#the-rt-element">rt</a></code>
      elements.
    ')
, ('the-rt-element', 'context', 'As a child of a <code><a href="#the-ruby-element">ruby</a></code> or of an <code><a href="#the-rtc-element">rtc</a></code> element.')
, ('the-main-element', 'context', 'Where <a href="#flow-content-1">flow content</a> is expected, but with no <code><a href="#the-article-element">article</a></code>, <code><a href="#the-aside-element">aside</a></code>, 
   <code><a href="#the-footer-element">footer</a></code>, <code><a href="#the-header-element">header</a></code> or <code><a href="#the-nav-element">nav</a></code> element ancestors.')
, ('the-figcaption-element', 'context', 'As the first or last child of a <code><a href="#the-figure-element">figure</a></code> element.')
, ('the-dd-element', 'context', 'After <code><a href="#the-dt-element">dt</a></code> or <code><a href="#the-dd-element">dd</a></code> elements inside <code><a href="#the-dl-element">dl</a></code> elements.')
, ('the-dt-element', 'context', 'Before <code><a href="#the-dd-element">dd</a></code> or <code><a href="#the-dt-element">dt</a></code> elements inside <code><a href="#the-dl-element">dl</a></code> elements.')
, ('the-body-element', 'context', 'As the second element in an <code><a href="#the-html-element">html</a></code> element.')
, ('the-meta-element', 'context', 'If the <code data-anolis-xref="attr-meta-name"><a href="#attr-meta-name">name</a></code> attribute is present: where <a href="#metadata-content-0">metadata content</a> is expected.')
, ('the-meta-element', 'context', 'If the <code data-anolis-xref="attr-meta-http-equiv"><a href="#attr-meta-http-equiv">http-equiv</a></code> attribute is present but not in the <a data-anolis-xref="attr-meta-http-equiv-content-type" href="#attr-meta-http-equiv-content-type">encoding declaration state</a>: in a <code><a href="#the-noscript-element">noscript</a></code> element that is a child of a <code><a href="#the-head-element">head</a></code> element.')
, ('the-meta-element', 'context', 'If the <code data-anolis-xref="attr-meta-http-equiv"><a href="#attr-meta-http-equiv">http-equiv</a></code> attribute is present but not in the <a data-anolis-xref="attr-meta-http-equiv-content-type" href="#attr-meta-http-equiv-content-type">encoding declaration state</a>: in a <code><a href="#the-head-element">head</a></code> element.')
, ('the-meta-element', 'context', 'If the <code data-anolis-xref="attr-meta-charset"><a href="#attr-meta-charset">charset</a></code> attribute is present, or if the element''s <code data-anolis-xref="attr-meta-http-equiv"><a href="#attr-meta-http-equiv">http-equiv</a></code> attribute is in the <a data-anolis-xref="attr-meta-http-equiv-content-type" href="#attr-meta-http-equiv-content-type">encoding declaration state</a>: in a <code><a href="#the-head-element">head</a></code> element.')
, ('the-template-element', 'category', '<a data-anolis-xref="script-supporting elements" href="#script-supporting-elements-0">Script-supporting element</a>.')
, ('the-script-element', 'category', '<a data-anolis-xref="script-supporting elements" href="#script-supporting-elements-0">Script-supporting element</a>.')
, ('the-fieldset-element', 'category', '<a data-anolis-xref="category-listed" href="#category-listed">Listed</a> and <a data-anolis-xref="category-form-attr" href="#category-form-attr">reassociateable</a> <a href="#form-associated-element">form-associated element</a>.')
, ('the-meter-element', 'category', '<a data-anolis-xref="category-label" href="#category-label">Labelable element</a>.')
, ('the-progress-element', 'category', '<a data-anolis-xref="category-label" href="#category-label">Labelable element</a>.')
, ('the-output-element', 'category', '<a data-anolis-xref="category-listed" href="#category-listed">Listed</a>, <a data-anolis-xref="category-label" href="#category-label">labelable</a>, <a data-anolis-xref="category-reset" href="#category-reset">resettable</a>, and <a data-anolis-xref="category-form-attr" href="#category-form-attr">reassociateable</a> <a href="#form-associated-element">form-associated element</a>.')
, ('the-keygen-element', 'category', '<a data-anolis-xref="category-listed" href="#category-listed">Listed</a>, <a data-anolis-xref="category-label" href="#category-label">labelable</a>, <a data-anolis-xref="category-submit" href="#category-submit">submittable</a>, <a data-anolis-xref="category-reset" href="#category-reset">resettable</a>, and <a data-anolis-xref="category-form-attr" href="#category-form-attr">reassociateable</a> <a href="#form-associated-element">form-associated element</a>.')
, ('the-textarea-element', 'category', '<a data-anolis-xref="category-listed" href="#category-listed">Listed</a>, <a data-anolis-xref="category-label" href="#category-label">labelable</a>, <a data-anolis-xref="category-submit" href="#category-submit">submittable</a>, <a data-anolis-xref="category-reset" href="#category-reset">resettable</a>, and <a data-anolis-xref="category-form-attr" href="#category-form-attr">reassociateable</a> <a href="#form-associated-element">form-associated element</a>.')
, ('the-select-element', 'category', '<a data-anolis-xref="category-listed" href="#category-listed">Listed</a>, <a data-anolis-xref="category-label" href="#category-label">labelable</a>, <a data-anolis-xref="category-submit" href="#category-submit">submittable</a>, <a data-anolis-xref="category-reset" href="#category-reset">resettable</a>, and <a data-anolis-xref="category-form-attr" href="#category-form-attr">reassociateable</a> <a href="#form-associated-element">form-associated element</a>.')
, ('the-button-element', 'category', '<a data-anolis-xref="category-listed" href="#category-listed">Listed</a>, <a data-anolis-xref="category-label" href="#category-label">labelable</a>, <a data-anolis-xref="category-submit" href="#category-submit">submittable</a>, and <a data-anolis-xref="category-form-attr" href="#category-form-attr">reassociateable</a> <a href="#form-associated-element">form-associated element</a>.')
, ('the-input-element', 'category', 'If the <code data-anolis-xref="attr-input-type"><a href="#attr-input-type">type</a></code> attribute is <em>not</em> in the <a data-anolis-xref="attr-input-type-hidden" href="#hidden-state-(type=hidden)">Hidden</a> state: <a href="#palpable-content-0">Palpable content</a>.')
, ('the-input-element', 'category', 'If the <code data-anolis-xref="attr-input-type"><a href="#attr-input-type">type</a></code> attribute is in the <a data-anolis-xref="attr-input-type-hidden" href="#hidden-state-(type=hidden)">Hidden</a> state: <a data-anolis-xref="category-listed" href="#category-listed">Listed</a>, <a data-anolis-xref="category-submit" href="#category-submit">submittable</a>, <a data-anolis-xref="category-reset" href="#category-reset">resettable</a>, and <a data-anolis-xref="category-form-attr" href="#category-form-attr">reassociateable</a> <a href="#form-associated-element">form-associated element</a>.')
, ('the-input-element', 'category', 'If the <code data-anolis-xref="attr-input-type"><a href="#attr-input-type">type</a></code> attribute is <em>not</em> in the <a data-anolis-xref="attr-input-type-hidden" href="#hidden-state-(type=hidden)">Hidden</a> state: <a data-anolis-xref="category-listed" href="#category-listed">Listed</a>, <a data-anolis-xref="category-label" href="#category-label">labelable</a>, <a data-anolis-xref="category-submit" href="#category-submit">submittable</a>, <a data-anolis-xref="category-reset" href="#category-reset">resettable</a>, and <a data-anolis-xref="category-form-attr" href="#category-form-attr">reassociateable</a> <a href="#form-associated-element">form-associated element</a>.')
, ('the-input-element', 'category', 'If the <code data-anolis-xref="attr-input-type"><a href="#attr-input-type">type</a></code> attribute is <em>not</em> in the <a data-anolis-xref="attr-input-type-hidden" href="#hidden-state-(type=hidden)">Hidden</a> state: <a href="#interactive-content-0">Interactive content</a>.')
, ('the-label-element', 'category', '<a data-anolis-xref="category-form-attr" href="#category-form-attr">Reassociateable</a> <a href="#form-associated-element">form-associated element</a>.')
, ('the-object-element', 'category', '<a data-anolis-xref="category-listed" href="#category-listed">Listed</a>, <a data-anolis-xref="category-submit" href="#category-submit">submittable</a>, and <a data-anolis-xref="category-form-attr" href="#category-form-attr">reassociateable</a> <a href="#form-associated-element">form-associated element</a>.')
, ('the-article-element', 'category', '<a href="#flow-content-1">Flow content</a>, but with no <code><a href="#the-main-element">main</a></code> element descendants.')
;

