INSERT INTO element (elt_name) VALUES ('the-a-element');
INSERT INTO element (elt_name) VALUES ('the-abbr-element');
INSERT INTO element (elt_name) VALUES ('the-address-element');
INSERT INTO element (elt_name) VALUES ('the-area-element');
INSERT INTO element (elt_name) VALUES ('the-article-element');
INSERT INTO element (elt_name) VALUES ('the-aside-element');
INSERT INTO element (elt_name) VALUES ('the-audio-element');
INSERT INTO element (elt_name) VALUES ('the-b-element');
INSERT INTO element (elt_name) VALUES ('the-base-element');
INSERT INTO element (elt_name) VALUES ('the-bdi-element');
INSERT INTO element (elt_name) VALUES ('the-bdo-element');
INSERT INTO element (elt_name) VALUES ('the-blockquote-element');
INSERT INTO element (elt_name) VALUES ('the-body-element');
INSERT INTO element (elt_name) VALUES ('the-br-element');
INSERT INTO element (elt_name) VALUES ('the-button-element');
INSERT INTO element (elt_name) VALUES ('the-canvas-element');
INSERT INTO element (elt_name) VALUES ('the-caption-element');
INSERT INTO element (elt_name) VALUES ('the-cite-element');
INSERT INTO element (elt_name) VALUES ('the-code-element');
INSERT INTO element (elt_name) VALUES ('the-col-element');
INSERT INTO element (elt_name) VALUES ('the-colgroup-element');
INSERT INTO element (elt_name) VALUES ('the-data-element');
INSERT INTO element (elt_name) VALUES ('the-datalist-element');
INSERT INTO element (elt_name) VALUES ('the-dd-element');
INSERT INTO element (elt_name) VALUES ('the-del-element');
INSERT INTO element (elt_name) VALUES ('the-dfn-element');
INSERT INTO element (elt_name) VALUES ('the-div-element');
INSERT INTO element (elt_name) VALUES ('the-dl-element');
INSERT INTO element (elt_name) VALUES ('the-dt-element');
INSERT INTO element (elt_name) VALUES ('the-em-element');
INSERT INTO element (elt_name) VALUES ('the-embed-element');
INSERT INTO element (elt_name) VALUES ('the-fieldset-element');
INSERT INTO element (elt_name) VALUES ('the-figcaption-element');
INSERT INTO element (elt_name) VALUES ('the-figure-element');
INSERT INTO element (elt_name) VALUES ('the-footer-element');
INSERT INTO element (elt_name) VALUES ('the-form-element');
INSERT INTO element (elt_name) VALUES ('the-h1,-h2,-h3,-h4,-h5,-and-h6-elements');
INSERT INTO element (elt_name) VALUES ('the-head-element');
INSERT INTO element (elt_name) VALUES ('the-header-element');
INSERT INTO element (elt_name) VALUES ('the-hr-element');
INSERT INTO element (elt_name) VALUES ('the-html-element');
INSERT INTO element (elt_name) VALUES ('the-i-element');
INSERT INTO element (elt_name) VALUES ('the-iframe-element');
INSERT INTO element (elt_name) VALUES ('the-img-element');
INSERT INTO element (elt_name) VALUES ('the-input-element');
INSERT INTO element (elt_name) VALUES ('the-ins-element');
INSERT INTO element (elt_name) VALUES ('the-kbd-element');
INSERT INTO element (elt_name) VALUES ('the-keygen-element');
INSERT INTO element (elt_name) VALUES ('the-label-element');
INSERT INTO element (elt_name) VALUES ('the-legend-element');
INSERT INTO element (elt_name) VALUES ('the-li-element');
INSERT INTO element (elt_name) VALUES ('the-link-element');
INSERT INTO element (elt_name) VALUES ('the-main-element');
INSERT INTO element (elt_name) VALUES ('the-map-element');
INSERT INTO element (elt_name) VALUES ('the-mark-element');
INSERT INTO element (elt_name) VALUES ('the-meta-element');
INSERT INTO element (elt_name) VALUES ('the-meter-element');
INSERT INTO element (elt_name) VALUES ('the-nav-element');
INSERT INTO element (elt_name) VALUES ('the-noscript-element');
INSERT INTO element (elt_name) VALUES ('the-object-element');
INSERT INTO element (elt_name) VALUES ('the-ol-element');
INSERT INTO element (elt_name) VALUES ('the-optgroup-element');
INSERT INTO element (elt_name) VALUES ('the-option-element');
INSERT INTO element (elt_name) VALUES ('the-output-element');
INSERT INTO element (elt_name) VALUES ('the-p-element');
INSERT INTO element (elt_name) VALUES ('the-param-element');
INSERT INTO element (elt_name) VALUES ('the-pre-element');
INSERT INTO element (elt_name) VALUES ('the-progress-element');
INSERT INTO element (elt_name) VALUES ('the-q-element');
INSERT INTO element (elt_name) VALUES ('the-rb-element');
INSERT INTO element (elt_name) VALUES ('the-rp-element');
INSERT INTO element (elt_name) VALUES ('the-rt-element');
INSERT INTO element (elt_name) VALUES ('the-rtc-element');
INSERT INTO element (elt_name) VALUES ('the-ruby-element');
INSERT INTO element (elt_name) VALUES ('the-s-element');
INSERT INTO element (elt_name) VALUES ('the-samp-element');
INSERT INTO element (elt_name) VALUES ('the-script-element');
INSERT INTO element (elt_name) VALUES ('the-section-element');
INSERT INTO element (elt_name) VALUES ('the-select-element');
INSERT INTO element (elt_name) VALUES ('the-small-element');
INSERT INTO element (elt_name) VALUES ('the-source-element');
INSERT INTO element (elt_name) VALUES ('the-span-element');
INSERT INTO element (elt_name) VALUES ('the-strong-element');
INSERT INTO element (elt_name) VALUES ('the-style-element');
INSERT INTO element (elt_name) VALUES ('the-sub-and-sup-elements');
INSERT INTO element (elt_name) VALUES ('the-table-element');
INSERT INTO element (elt_name) VALUES ('the-tbody-element');
INSERT INTO element (elt_name) VALUES ('the-td-element');
INSERT INTO element (elt_name) VALUES ('the-template-element');
INSERT INTO element (elt_name) VALUES ('the-textarea-element');
INSERT INTO element (elt_name) VALUES ('the-tfoot-element');
INSERT INTO element (elt_name) VALUES ('the-th-element');
INSERT INTO element (elt_name) VALUES ('the-thead-element');
INSERT INTO element (elt_name) VALUES ('the-time-element');
INSERT INTO element (elt_name) VALUES ('the-title-element');
INSERT INTO element (elt_name) VALUES ('the-tr-element');
INSERT INTO element (elt_name) VALUES ('the-track-element');
INSERT INTO element (elt_name) VALUES ('the-u-element');
INSERT INTO element (elt_name) VALUES ('the-ul-element');
INSERT INTO element (elt_name) VALUES ('the-var-element');
INSERT INTO element (elt_name) VALUES ('the-video-element');
INSERT INTO element (elt_name) VALUES ('the-wbr-element');

INSERT INTO category (cat_name) VALUES ('category-form-attr');
INSERT INTO category (cat_name) VALUES ('category-label');
INSERT INTO category (cat_name) VALUES ('category-listed');
INSERT INTO category (cat_name) VALUES ('category-reset');
INSERT INTO category (cat_name) VALUES ('category-submit');
INSERT INTO category (cat_name) VALUES ('embedded-content-2');
INSERT INTO category (cat_name) VALUES ('flow-content-1');
INSERT INTO category (cat_name) VALUES ('form-associated-element');
INSERT INTO category (cat_name) VALUES ('heading-content-0');
INSERT INTO category (cat_name) VALUES ('interactive-content-0');
INSERT INTO category (cat_name) VALUES ('metadata-content-0');
INSERT INTO category (cat_name) VALUES ('palpable-content-0');
INSERT INTO category (cat_name) VALUES ('phrasing-content-1');
INSERT INTO category (cat_name) VALUES ('script-supporting-elements-0');
INSERT INTO category (cat_name) VALUES ('sectioning-content-0');
INSERT INTO category (cat_name) VALUES ('sectioning-root');
INSERT INTO category (cat_name) VALUES ('text-content');
INSERT INTO category (cat_name) VALUES ('transparent');

INSERT INTO element_category (elt_name, cat_name) VALUES ('the-a-element', 'palpable-content-0');
-- <a href="#palpable-content-0">Palpable content</a>.
INSERT INTO element_category (elt_name, cat_name) VALUES ('the-a-element', 'interactive-content-0');
-- <a href="#interactive-content-0">Interactive content</a>.
INSERT INTO element_category (elt_name, cat_name) VALUES ('the-a-element', 'phrasing-content-1');
-- <a href="#phrasing-content-1">Phrasing content</a>.
INSERT INTO element_category (elt_name, cat_name) VALUES ('the-a-element', 'flow-content-1');
-- <a href="#flow-content-1">Flow content</a>.
INSERT INTO element_category (elt_name, cat_name) VALUES ('the-abbr-element', 'palpable-content-0');
-- <a href="#palpable-content-0">Palpable content</a>.
INSERT INTO element_category (elt_name, cat_name) VALUES ('the-abbr-element', 'phrasing-content-1');
-- <a href="#phrasing-content-1">Phrasing content</a>.
INSERT INTO element_category (elt_name, cat_name) VALUES ('the-abbr-element', 'flow-content-1');
-- <a href="#flow-content-1">Flow content</a>.
INSERT INTO element_category (elt_name, cat_name) VALUES ('the-address-element', 'palpable-content-0');
-- <a href="#palpable-content-0">Palpable content</a>.
INSERT INTO element_category (elt_name, cat_name) VALUES ('the-address-element', 'flow-content-1');
-- <a href="#flow-content-1">Flow content</a>.
INSERT INTO element_category (elt_name, cat_name) VALUES ('the-area-element', 'phrasing-content-1');
-- <a href="#phrasing-content-1">Phrasing content</a>.
INSERT INTO element_category (elt_name, cat_name) VALUES ('the-area-element', 'flow-content-1');
-- <a href="#flow-content-1">Flow content</a>.
INSERT INTO element_category (elt_name, cat_name) VALUES ('the-article-element', 'palpable-content-0');
-- <a href="#palpable-content-0">Palpable content</a>.
INSERT INTO element_category (elt_name, cat_name) VALUES ('the-article-element', 'sectioning-content-0');
-- <a href="#sectioning-content-0">Sectioning content</a>.
INSERT INTO element_category_no_descendant (elt_name, cat_name, eld_elt)VALUES ('the-article-element', 'flow-content-1', 'the-main-element');
-- <a href="#flow-content-1">Flow content</a>, but with no <code><a href="#the-main-element">main</a></code> element descendants.
INSERT INTO element_category (elt_name, cat_name) VALUES ('the-aside-element', 'palpable-content-0');
-- <a href="#palpable-content-0">Palpable content</a>.
INSERT INTO element_category (elt_name, cat_name) VALUES ('the-aside-element', 'sectioning-content-0');
-- <a href="#sectioning-content-0">Sectioning content</a>.
INSERT INTO element_category (elt_name, cat_name) VALUES ('the-aside-element', 'flow-content-1');
-- <a href="#flow-content-1">Flow content</a>.
INSERT INTO element_category_has_attr (elt_name, cat_name, att_name) VALUES ('the-audio-element', 'palpable-content-0', 'attr-media-controls');
-- If the element has a <code data-anolis-xref="attr-media-controls"><a href="#attr-media-controls">controls</a></code> attribute: <a href="#palpable-content-0">Palpable content</a>.
INSERT INTO element_category_has_attr (elt_name, cat_name, att_name) VALUES ('the-audio-element', 'interactive-content-0', 'attr-media-controls');
-- If the element has a <code data-anolis-xref="attr-media-controls"><a href="#attr-media-controls">controls</a></code> attribute: <a href="#interactive-content-0">Interactive content</a>.
INSERT INTO element_category (elt_name, cat_name) VALUES ('the-audio-element', 'embedded-content-2');
-- <a href="#embedded-content-2">Embedded content</a>.
INSERT INTO element_category (elt_name, cat_name) VALUES ('the-audio-element', 'phrasing-content-1');
-- <a href="#phrasing-content-1">Phrasing content</a>.
INSERT INTO element_category (elt_name, cat_name) VALUES ('the-audio-element', 'flow-content-1');
-- <a href="#flow-content-1">Flow content</a>.
INSERT INTO element_category (elt_name, cat_name) VALUES ('the-b-element', 'palpable-content-0');
-- <a href="#palpable-content-0">Palpable content</a>.
INSERT INTO element_category (elt_name, cat_name) VALUES ('the-b-element', 'phrasing-content-1');
-- <a href="#phrasing-content-1">Phrasing content</a>.
INSERT INTO element_category (elt_name, cat_name) VALUES ('the-b-element', 'flow-content-1');
-- <a href="#flow-content-1">Flow content</a>.
INSERT INTO element_category (elt_name, cat_name) VALUES ('the-base-element', 'metadata-content-0');
-- <a href="#metadata-content-0">Metadata content</a>.
INSERT INTO element_category (elt_name, cat_name) VALUES ('the-bdi-element', 'palpable-content-0');
-- <a href="#palpable-content-0">Palpable content</a>.
INSERT INTO element_category (elt_name, cat_name) VALUES ('the-bdi-element', 'phrasing-content-1');
-- <a href="#phrasing-content-1">Phrasing content</a>.
INSERT INTO element_category (elt_name, cat_name) VALUES ('the-bdi-element', 'flow-content-1');
-- <a href="#flow-content-1">Flow content</a>.
INSERT INTO element_category (elt_name, cat_name) VALUES ('the-bdo-element', 'palpable-content-0');
-- <a href="#palpable-content-0">Palpable content</a>.
INSERT INTO element_category (elt_name, cat_name) VALUES ('the-bdo-element', 'phrasing-content-1');
-- <a href="#phrasing-content-1">Phrasing content</a>.
INSERT INTO element_category (elt_name, cat_name) VALUES ('the-bdo-element', 'flow-content-1');
-- <a href="#flow-content-1">Flow content</a>.
INSERT INTO element_category (elt_name, cat_name) VALUES ('the-blockquote-element', 'palpable-content-0');
-- <a href="#palpable-content-0">Palpable content</a>.
INSERT INTO element_category (elt_name, cat_name) VALUES ('the-blockquote-element', 'sectioning-root');
-- <a href="#sectioning-root">Sectioning root</a>.
INSERT INTO element_category (elt_name, cat_name) VALUES ('the-blockquote-element', 'flow-content-1');
-- <a href="#flow-content-1">Flow content</a>.
INSERT INTO element_category (elt_name, cat_name) VALUES ('the-body-element', 'sectioning-root');
-- <a href="#sectioning-root">Sectioning root</a>.
INSERT INTO element_category (elt_name, cat_name) VALUES ('the-br-element', 'phrasing-content-1');
-- <a href="#phrasing-content-1">Phrasing content</a>.
INSERT INTO element_category (elt_name, cat_name) VALUES ('the-br-element', 'flow-content-1');
-- <a href="#flow-content-1">Flow content</a>.
INSERT INTO element_category (elt_name, cat_name) VALUES ('the-button-element', 'palpable-content-0');
-- <a href="#palpable-content-0">Palpable content</a>.
INSERT INTO element_category (elt_name, cat_name) VALUES ('the-button-element', 'category-listed');
-- <a data-anolis-xref="category-listed" href="#category-listed">Listed</a>, <a data-anolis-xref="category-label" href="#category-label">labelable</a>, <a data-anolis-xref="category-submit" href="#category-submit">submittable</a>, and <a data-anolis-xref="category-form-attr" href="#category-form-attr">reassociateable</a> <a href="#form-associated-element">form-associated element</a>.
INSERT INTO element_category (elt_name, cat_name) VALUES ('the-button-element', 'interactive-content-0');
-- <a href="#interactive-content-0">Interactive content</a>.
INSERT INTO element_category (elt_name, cat_name) VALUES ('the-button-element', 'phrasing-content-1');
-- <a href="#phrasing-content-1">Phrasing content</a>.
INSERT INTO element_category (elt_name, cat_name) VALUES ('the-button-element', 'flow-content-1');
-- <a href="#flow-content-1">Flow content</a>.
INSERT INTO element_category (elt_name, cat_name) VALUES ('the-canvas-element', 'palpable-content-0');
-- <a href="#palpable-content-0">Palpable content</a>.
INSERT INTO element_category (elt_name, cat_name) VALUES ('the-canvas-element', 'embedded-content-2');
-- <a href="#embedded-content-2">Embedded content</a>.
INSERT INTO element_category (elt_name, cat_name) VALUES ('the-canvas-element', 'phrasing-content-1');
-- <a href="#phrasing-content-1">Phrasing content</a>.
INSERT INTO element_category (elt_name, cat_name) VALUES ('the-canvas-element', 'flow-content-1');
-- <a href="#flow-content-1">Flow content</a>.
INSERT INTO element_category (elt_name, cat_name) VALUES ('the-cite-element', 'palpable-content-0');
-- <a href="#palpable-content-0">Palpable content</a>.
INSERT INTO element_category (elt_name, cat_name) VALUES ('the-cite-element', 'phrasing-content-1');
-- <a href="#phrasing-content-1">Phrasing content</a>.
INSERT INTO element_category (elt_name, cat_name) VALUES ('the-cite-element', 'flow-content-1');
-- <a href="#flow-content-1">Flow content</a>.
INSERT INTO element_category (elt_name, cat_name) VALUES ('the-code-element', 'palpable-content-0');
-- <a href="#palpable-content-0">Palpable content</a>.
INSERT INTO element_category (elt_name, cat_name) VALUES ('the-code-element', 'phrasing-content-1');
-- <a href="#phrasing-content-1">Phrasing content</a>.
INSERT INTO element_category (elt_name, cat_name) VALUES ('the-code-element', 'flow-content-1');
-- <a href="#flow-content-1">Flow content</a>.
INSERT INTO element_category (elt_name, cat_name) VALUES ('the-data-element', 'palpable-content-0');
-- <a href="#palpable-content-0">Palpable content</a>.
INSERT INTO element_category (elt_name, cat_name) VALUES ('the-data-element', 'phrasing-content-1');
-- <a href="#phrasing-content-1">Phrasing content</a>.
INSERT INTO element_category (elt_name, cat_name) VALUES ('the-data-element', 'flow-content-1');
-- <a href="#flow-content-1">Flow content</a>.
INSERT INTO element_category (elt_name, cat_name) VALUES ('the-datalist-element', 'phrasing-content-1');
-- <a href="#phrasing-content-1">Phrasing content</a>.
INSERT INTO element_category (elt_name, cat_name) VALUES ('the-datalist-element', 'flow-content-1');
-- <a href="#flow-content-1">Flow content</a>.
INSERT INTO element_category (elt_name, cat_name) VALUES ('the-del-element', 'phrasing-content-1');
-- <a href="#phrasing-content-1">Phrasing content</a>.
INSERT INTO element_category (elt_name, cat_name) VALUES ('the-del-element', 'flow-content-1');
-- <a href="#flow-content-1">Flow content</a>.
INSERT INTO element_category (elt_name, cat_name) VALUES ('the-dfn-element', 'palpable-content-0');
-- <a href="#palpable-content-0">Palpable content</a>.
INSERT INTO element_category (elt_name, cat_name) VALUES ('the-dfn-element', 'phrasing-content-1');
-- <a href="#phrasing-content-1">Phrasing content</a>.
INSERT INTO element_category (elt_name, cat_name) VALUES ('the-dfn-element', 'flow-content-1');
-- <a href="#flow-content-1">Flow content</a>.
INSERT INTO element_category (elt_name, cat_name) VALUES ('the-div-element', 'palpable-content-0');
-- <a href="#palpable-content-0">Palpable content</a>.
INSERT INTO element_category (elt_name, cat_name) VALUES ('the-div-element', 'flow-content-1');
-- <a href="#flow-content-1">Flow content</a>.
INSERT INTO element_category_has_elts (elt_name, cat_name, ele_elts) VALUES ('the-dl-element', 'palpable-content-0', '{dt, dd}');
-- If the element's children include at least one name-value group: <a href="#palpable-content-0">Palpable content</a>.
INSERT INTO element_category (elt_name, cat_name) VALUES ('the-dl-element', 'flow-content-1');
-- <a href="#flow-content-1">Flow content</a>.
INSERT INTO element_category (elt_name, cat_name) VALUES ('the-em-element', 'palpable-content-0');
-- <a href="#palpable-content-0">Palpable content</a>.
INSERT INTO element_category (elt_name, cat_name) VALUES ('the-em-element', 'phrasing-content-1');
-- <a href="#phrasing-content-1">Phrasing content</a>.
INSERT INTO element_category (elt_name, cat_name) VALUES ('the-em-element', 'flow-content-1');
-- <a href="#flow-content-1">Flow content</a>.
INSERT INTO element_category (elt_name, cat_name) VALUES ('the-embed-element', 'palpable-content-0');
-- <a href="#palpable-content-0">Palpable content</a>.
INSERT INTO element_category (elt_name, cat_name) VALUES ('the-embed-element', 'interactive-content-0');
-- <a href="#interactive-content-0">Interactive content</a>.
INSERT INTO element_category (elt_name, cat_name) VALUES ('the-embed-element', 'embedded-content-2');
-- <a href="#embedded-content-2">Embedded content</a>.
INSERT INTO element_category (elt_name, cat_name) VALUES ('the-embed-element', 'phrasing-content-1');
-- <a href="#phrasing-content-1">Phrasing content</a>.
INSERT INTO element_category (elt_name, cat_name) VALUES ('the-embed-element', 'flow-content-1');
-- <a href="#flow-content-1">Flow content</a>.
INSERT INTO element_category (elt_name, cat_name) VALUES ('the-fieldset-element', 'palpable-content-0');
-- <a href="#palpable-content-0">Palpable content</a>.
INSERT INTO element_category (elt_name, cat_name) VALUES ('the-fieldset-element', 'category-listed');
-- <a data-anolis-xref="category-listed" href="#category-listed">Listed</a> and <a data-anolis-xref="category-form-attr" href="#category-form-attr">reassociateable</a> <a href="#form-associated-element">form-associated element</a>.
INSERT INTO element_category (elt_name, cat_name) VALUES ('the-fieldset-element', 'sectioning-root');
-- <a href="#sectioning-root">Sectioning root</a>.
INSERT INTO element_category (elt_name, cat_name) VALUES ('the-fieldset-element', 'flow-content-1');
-- <a href="#flow-content-1">Flow content</a>.
INSERT INTO element_category (elt_name, cat_name) VALUES ('the-figure-element', 'palpable-content-0');
-- <a href="#palpable-content-0">Palpable content</a>.
INSERT INTO element_category (elt_name, cat_name) VALUES ('the-figure-element', 'sectioning-root');
-- <a href="#sectioning-root">Sectioning root</a>.
INSERT INTO element_category (elt_name, cat_name) VALUES ('the-figure-element', 'flow-content-1');
-- <a href="#flow-content-1">Flow content</a>.
INSERT INTO element_category (elt_name, cat_name) VALUES ('the-footer-element', 'palpable-content-0');
-- <a href="#palpable-content-0">Palpable content</a>.
INSERT INTO element_category (elt_name, cat_name) VALUES ('the-footer-element', 'flow-content-1');
-- <a href="#flow-content-1">Flow content</a>.
INSERT INTO element_category (elt_name, cat_name) VALUES ('the-form-element', 'palpable-content-0');
-- <a href="#palpable-content-0">Palpable content</a>.
INSERT INTO element_category (elt_name, cat_name) VALUES ('the-form-element', 'flow-content-1');
-- <a href="#flow-content-1">Flow content</a>.
INSERT INTO element_category (elt_name, cat_name) VALUES ('the-h1,-h2,-h3,-h4,-h5,-and-h6-elements', 'palpable-content-0');
-- <a href="#palpable-content-0">Palpable content</a>.
INSERT INTO element_category (elt_name, cat_name) VALUES ('the-h1,-h2,-h3,-h4,-h5,-and-h6-elements', 'heading-content-0');
-- <a href="#heading-content-0">Heading content</a>.
INSERT INTO element_category (elt_name, cat_name) VALUES ('the-h1,-h2,-h3,-h4,-h5,-and-h6-elements', 'flow-content-1');
-- <a href="#flow-content-1">Flow content</a>.
INSERT INTO element_category (elt_name, cat_name) VALUES ('the-header-element', 'palpable-content-0');
-- <a href="#palpable-content-0">Palpable content</a>.
INSERT INTO element_category (elt_name, cat_name) VALUES ('the-header-element', 'flow-content-1');
-- <a href="#flow-content-1">Flow content</a>.
INSERT INTO element_category (elt_name, cat_name) VALUES ('the-hr-element', 'flow-content-1');
-- <a href="#flow-content-1">Flow content</a>.
INSERT INTO element_category (elt_name, cat_name) VALUES ('the-i-element', 'palpable-content-0');
-- <a href="#palpable-content-0">Palpable content</a>.
INSERT INTO element_category (elt_name, cat_name) VALUES ('the-i-element', 'phrasing-content-1');
-- <a href="#phrasing-content-1">Phrasing content</a>.
INSERT INTO element_category (elt_name, cat_name) VALUES ('the-i-element', 'flow-content-1');
-- <a href="#flow-content-1">Flow content</a>.
INSERT INTO element_category (elt_name, cat_name) VALUES ('the-iframe-element', 'palpable-content-0');
-- <a href="#palpable-content-0">Palpable content</a>.
INSERT INTO element_category (elt_name, cat_name) VALUES ('the-iframe-element', 'interactive-content-0');
-- <a href="#interactive-content-0">Interactive content</a>.
INSERT INTO element_category (elt_name, cat_name) VALUES ('the-iframe-element', 'embedded-content-2');
-- <a href="#embedded-content-2">Embedded content</a>.
INSERT INTO element_category (elt_name, cat_name) VALUES ('the-iframe-element', 'phrasing-content-1');
-- <a href="#phrasing-content-1">Phrasing content</a>.
INSERT INTO element_category (elt_name, cat_name) VALUES ('the-iframe-element', 'flow-content-1');
-- <a href="#flow-content-1">Flow content</a>.
INSERT INTO element_category (elt_name, cat_name) VALUES ('the-img-element', 'palpable-content-0');
-- <a href="#palpable-content-0">Palpable content</a>.
INSERT INTO element_category_has_attr (elt_name, cat_name, att_name) VALUES ('the-img-element', 'interactive-content-0', 'attr-hyperlink-usemap');
-- If the element has a <code data-anolis-xref="attr-hyperlink-usemap"><a href="#attr-hyperlink-usemap">usemap</a></code> attribute: <a href="#interactive-content-0">Interactive content</a>.
INSERT INTO element_category (elt_name, cat_name) VALUES ('the-img-element', 'form-associated-element');
-- <a href="#form-associated-element">Form-associated element</a>.
INSERT INTO element_category (elt_name, cat_name) VALUES ('the-img-element', 'embedded-content-2');
-- <a href="#embedded-content-2">Embedded content</a>.
INSERT INTO element_category (elt_name, cat_name) VALUES ('the-img-element', 'phrasing-content-1');
-- <a href="#phrasing-content-1">Phrasing content</a>.
INSERT INTO element_category (elt_name, cat_name) VALUES ('the-img-element', 'flow-content-1');
-- <a href="#flow-content-1">Flow content</a>.
INSERT INTO element_category_value (elt_name, cat_name, att_name, ecv_value, ecv_neg) VALUES ('the-input-element', 'palpable-content-0', 'attr-input-type', 'hidden-state-(type=hidden)', FALSE);
-- If the <code data-anolis-xref="attr-input-type"><a href="#attr-input-type">type</a></code> attribute is <em>not</em> in the <a data-anolis-xref="attr-input-type-hidden" href="#hidden-state-(type=hidden)">Hidden</a> state: <a href="#palpable-content-0">Palpable content</a>.
INSERT INTO element_category_value (elt_name, cat_name, att_name, ecv_value, ecv_neg) VALUES ('the-input-element', 'form-associated-element', 'attr-input-type', 'hidden-state-(type=hidden)', TRUE);
-- If the <code data-anolis-xref="attr-input-type"><a href="#attr-input-type">type</a></code> attribute is in the <a data-anolis-xref="attr-input-type-hidden" href="#hidden-state-(type=hidden)">Hidden</a> state: <a data-anolis-xref="category-listed" href="#category-listed">Listed</a>, <a data-anolis-xref="category-submit" href="#category-submit">submittable</a>, <a data-anolis-xref="category-reset" href="#category-reset">resettable</a>, and <a data-anolis-xref="category-form-attr" href="#category-form-attr">reassociateable</a> <a href="#form-associated-element">form-associated element</a>.
INSERT INTO element_category_value (elt_name, cat_name, att_name, ecv_value, ecv_neg) VALUES ('the-input-element', 'category-form-attr', 'attr-input-type', 'hidden-state-(type=hidden)', TRUE);
-- If the <code data-anolis-xref="attr-input-type"><a href="#attr-input-type">type</a></code> attribute is in the <a data-anolis-xref="attr-input-type-hidden" href="#hidden-state-(type=hidden)">Hidden</a> state: <a data-anolis-xref="category-listed" href="#category-listed">Listed</a>, <a data-anolis-xref="category-submit" href="#category-submit">submittable</a>, <a data-anolis-xref="category-reset" href="#category-reset">resettable</a>, and <a data-anolis-xref="category-form-attr" href="#category-form-attr">reassociateable</a> <a href="#form-associated-element">form-associated element</a>.
INSERT INTO element_category_value (elt_name, cat_name, att_name, ecv_value, ecv_neg) VALUES ('the-input-element', 'category-reset', 'attr-input-type', 'hidden-state-(type=hidden)', TRUE);
-- If the <code data-anolis-xref="attr-input-type"><a href="#attr-input-type">type</a></code> attribute is in the <a data-anolis-xref="attr-input-type-hidden" href="#hidden-state-(type=hidden)">Hidden</a> state: <a data-anolis-xref="category-listed" href="#category-listed">Listed</a>, <a data-anolis-xref="category-submit" href="#category-submit">submittable</a>, <a data-anolis-xref="category-reset" href="#category-reset">resettable</a>, and <a data-anolis-xref="category-form-attr" href="#category-form-attr">reassociateable</a> <a href="#form-associated-element">form-associated element</a>.
INSERT INTO element_category_value (elt_name, cat_name, att_name, ecv_value, ecv_neg) VALUES ('the-input-element', 'category-submit', 'attr-input-type', 'hidden-state-(type=hidden)', TRUE);
-- If the <code data-anolis-xref="attr-input-type"><a href="#attr-input-type">type</a></code> attribute is in the <a data-anolis-xref="attr-input-type-hidden" href="#hidden-state-(type=hidden)">Hidden</a> state: <a data-anolis-xref="category-listed" href="#category-listed">Listed</a>, <a data-anolis-xref="category-submit" href="#category-submit">submittable</a>, <a data-anolis-xref="category-reset" href="#category-reset">resettable</a>, and <a data-anolis-xref="category-form-attr" href="#category-form-attr">reassociateable</a> <a href="#form-associated-element">form-associated element</a>.
INSERT INTO element_category_value (elt_name, cat_name, att_name, ecv_value, ecv_neg) VALUES ('the-input-element', 'category-listed', 'attr-input-type', 'hidden-state-(type=hidden)', TRUE);
-- If the <code data-anolis-xref="attr-input-type"><a href="#attr-input-type">type</a></code> attribute is in the <a data-anolis-xref="attr-input-type-hidden" href="#hidden-state-(type=hidden)">Hidden</a> state: <a data-anolis-xref="category-listed" href="#category-listed">Listed</a>, <a data-anolis-xref="category-submit" href="#category-submit">submittable</a>, <a data-anolis-xref="category-reset" href="#category-reset">resettable</a>, and <a data-anolis-xref="category-form-attr" href="#category-form-attr">reassociateable</a> <a href="#form-associated-element">form-associated element</a>.
INSERT INTO element_category_value (elt_name, cat_name, att_name, ecv_value, ecv_neg) VALUES ('the-input-element', 'form-associated-element', 'attr-input-type', 'hidden-state-(type=hidden)', FALSE);
-- If the <code data-anolis-xref="attr-input-type"><a href="#attr-input-type">type</a></code> attribute is <em>not</em> in the <a data-anolis-xref="attr-input-type-hidden" href="#hidden-state-(type=hidden)">Hidden</a> state: <a data-anolis-xref="category-listed" href="#category-listed">Listed</a>, <a data-anolis-xref="category-label" href="#category-label">labelable</a>, <a data-anolis-xref="category-submit" href="#category-submit">submittable</a>, <a data-anolis-xref="category-reset" href="#category-reset">resettable</a>, and <a data-anolis-xref="category-form-attr" href="#category-form-attr">reassociateable</a> <a href="#form-associated-element">form-associated element</a>.
INSERT INTO element_category_value (elt_name, cat_name, att_name, ecv_value, ecv_neg) VALUES ('the-input-element', 'category-form-attr', 'attr-input-type', 'hidden-state-(type=hidden)', FALSE);
-- If the <code data-anolis-xref="attr-input-type"><a href="#attr-input-type">type</a></code> attribute is <em>not</em> in the <a data-anolis-xref="attr-input-type-hidden" href="#hidden-state-(type=hidden)">Hidden</a> state: <a data-anolis-xref="category-listed" href="#category-listed">Listed</a>, <a data-anolis-xref="category-label" href="#category-label">labelable</a>, <a data-anolis-xref="category-submit" href="#category-submit">submittable</a>, <a data-anolis-xref="category-reset" href="#category-reset">resettable</a>, and <a data-anolis-xref="category-form-attr" href="#category-form-attr">reassociateable</a> <a href="#form-associated-element">form-associated element</a>.
INSERT INTO element_category_value (elt_name, cat_name, att_name, ecv_value, ecv_neg) VALUES ('the-input-element', 'category-reset', 'attr-input-type', 'hidden-state-(type=hidden)', FALSE);
-- If the <code data-anolis-xref="attr-input-type"><a href="#attr-input-type">type</a></code> attribute is <em>not</em> in the <a data-anolis-xref="attr-input-type-hidden" href="#hidden-state-(type=hidden)">Hidden</a> state: <a data-anolis-xref="category-listed" href="#category-listed">Listed</a>, <a data-anolis-xref="category-label" href="#category-label">labelable</a>, <a data-anolis-xref="category-submit" href="#category-submit">submittable</a>, <a data-anolis-xref="category-reset" href="#category-reset">resettable</a>, and <a data-anolis-xref="category-form-attr" href="#category-form-attr">reassociateable</a> <a href="#form-associated-element">form-associated element</a>.
INSERT INTO element_category_value (elt_name, cat_name, att_name, ecv_value, ecv_neg) VALUES ('the-input-element', 'category-submit', 'attr-input-type', 'hidden-state-(type=hidden)', FALSE);
-- If the <code data-anolis-xref="attr-input-type"><a href="#attr-input-type">type</a></code> attribute is <em>not</em> in the <a data-anolis-xref="attr-input-type-hidden" href="#hidden-state-(type=hidden)">Hidden</a> state: <a data-anolis-xref="category-listed" href="#category-listed">Listed</a>, <a data-anolis-xref="category-label" href="#category-label">labelable</a>, <a data-anolis-xref="category-submit" href="#category-submit">submittable</a>, <a data-anolis-xref="category-reset" href="#category-reset">resettable</a>, and <a data-anolis-xref="category-form-attr" href="#category-form-attr">reassociateable</a> <a href="#form-associated-element">form-associated element</a>.
INSERT INTO element_category_value (elt_name, cat_name, att_name, ecv_value, ecv_neg) VALUES ('the-input-element', 'category-label', 'attr-input-type', 'hidden-state-(type=hidden)', FALSE);
-- If the <code data-anolis-xref="attr-input-type"><a href="#attr-input-type">type</a></code> attribute is <em>not</em> in the <a data-anolis-xref="attr-input-type-hidden" href="#hidden-state-(type=hidden)">Hidden</a> state: <a data-anolis-xref="category-listed" href="#category-listed">Listed</a>, <a data-anolis-xref="category-label" href="#category-label">labelable</a>, <a data-anolis-xref="category-submit" href="#category-submit">submittable</a>, <a data-anolis-xref="category-reset" href="#category-reset">resettable</a>, and <a data-anolis-xref="category-form-attr" href="#category-form-attr">reassociateable</a> <a href="#form-associated-element">form-associated element</a>.
INSERT INTO element_category_value (elt_name, cat_name, att_name, ecv_value, ecv_neg) VALUES ('the-input-element', 'category-listed', 'attr-input-type', 'hidden-state-(type=hidden)', FALSE);
-- If the <code data-anolis-xref="attr-input-type"><a href="#attr-input-type">type</a></code> attribute is <em>not</em> in the <a data-anolis-xref="attr-input-type-hidden" href="#hidden-state-(type=hidden)">Hidden</a> state: <a data-anolis-xref="category-listed" href="#category-listed">Listed</a>, <a data-anolis-xref="category-label" href="#category-label">labelable</a>, <a data-anolis-xref="category-submit" href="#category-submit">submittable</a>, <a data-anolis-xref="category-reset" href="#category-reset">resettable</a>, and <a data-anolis-xref="category-form-attr" href="#category-form-attr">reassociateable</a> <a href="#form-associated-element">form-associated element</a>.
INSERT INTO element_category_value (elt_name, cat_name, att_name, ecv_value, ecv_neg) VALUES ('the-input-element', 'interactive-content-0', 'attr-input-type', 'hidden-state-(type=hidden)', FALSE);
-- If the <code data-anolis-xref="attr-input-type"><a href="#attr-input-type">type</a></code> attribute is <em>not</em> in the <a data-anolis-xref="attr-input-type-hidden" href="#hidden-state-(type=hidden)">Hidden</a> state: <a href="#interactive-content-0">Interactive content</a>.
INSERT INTO element_category (elt_name, cat_name) VALUES ('the-input-element', 'phrasing-content-1');
-- <a href="#phrasing-content-1">Phrasing content</a>.
INSERT INTO element_category (elt_name, cat_name) VALUES ('the-input-element', 'flow-content-1');
-- <a href="#flow-content-1">Flow content</a>.
INSERT INTO element_category (elt_name, cat_name) VALUES ('the-ins-element', 'palpable-content-0');
-- <a href="#palpable-content-0">Palpable content</a>.
INSERT INTO element_category (elt_name, cat_name) VALUES ('the-ins-element', 'phrasing-content-1');
-- <a href="#phrasing-content-1">Phrasing content</a>.
INSERT INTO element_category (elt_name, cat_name) VALUES ('the-ins-element', 'flow-content-1');
-- <a href="#flow-content-1">Flow content</a>.
INSERT INTO element_category (elt_name, cat_name) VALUES ('the-kbd-element', 'palpable-content-0');
-- <a href="#palpable-content-0">Palpable content</a>.
INSERT INTO element_category (elt_name, cat_name) VALUES ('the-kbd-element', 'phrasing-content-1');
-- <a href="#phrasing-content-1">Phrasing content</a>.
INSERT INTO element_category (elt_name, cat_name) VALUES ('the-kbd-element', 'flow-content-1');
-- <a href="#flow-content-1">Flow content</a>.
INSERT INTO element_category (elt_name, cat_name) VALUES ('the-keygen-element', 'palpable-content-0');
-- <a href="#palpable-content-0">Palpable content</a>.
INSERT INTO element_category (elt_name, cat_name) VALUES ('the-keygen-element', 'category-listed');
-- <a data-anolis-xref="category-listed" href="#category-listed">Listed</a>, <a data-anolis-xref="category-label" href="#category-label">labelable</a>, <a data-anolis-xref="category-submit" href="#category-submit">submittable</a>, <a data-anolis-xref="category-reset" href="#category-reset">resettable</a>, and <a data-anolis-xref="category-form-attr" href="#category-form-attr">reassociateable</a> <a href="#form-associated-element">form-associated element</a>.
INSERT INTO element_category (elt_name, cat_name) VALUES ('the-keygen-element', 'interactive-content-0');
-- <a href="#interactive-content-0">Interactive content</a>.
INSERT INTO element_category (elt_name, cat_name) VALUES ('the-keygen-element', 'phrasing-content-1');
-- <a href="#phrasing-content-1">Phrasing content</a>.
INSERT INTO element_category (elt_name, cat_name) VALUES ('the-keygen-element', 'flow-content-1');
-- <a href="#flow-content-1">Flow content</a>.
INSERT INTO element_category (elt_name, cat_name) VALUES ('the-label-element', 'palpable-content-0');
-- <a href="#palpable-content-0">Palpable content</a>.
INSERT INTO element_category (elt_name, cat_name) VALUES ('the-label-element', 'category-form-attr');
-- <a data-anolis-xref="category-form-attr" href="#category-form-attr">Reassociateable</a> <a href="#form-associated-element">form-associated element</a>.
INSERT INTO element_category (elt_name, cat_name) VALUES ('the-label-element', 'interactive-content-0');
-- <a href="#interactive-content-0">Interactive content</a>.
INSERT INTO element_category (elt_name, cat_name) VALUES ('the-label-element', 'phrasing-content-1');
-- <a href="#phrasing-content-1">Phrasing content</a>.
INSERT INTO element_category (elt_name, cat_name) VALUES ('the-label-element', 'flow-content-1');
-- <a href="#flow-content-1">Flow content</a>.
INSERT INTO element_category (elt_name, cat_name) VALUES ('the-link-element', 'metadata-content-0');
-- <a href="#metadata-content-0">Metadata content</a>.
INSERT INTO element_category (elt_name, cat_name) VALUES ('the-main-element', 'palpable-content-0');
-- <a href="#palpable-content-0">Palpable content</a>.
INSERT INTO element_category (elt_name, cat_name) VALUES ('the-main-element', 'flow-content-1');
-- <a href="#flow-content-1">Flow content</a>.
INSERT INTO element_category (elt_name, cat_name) VALUES ('the-map-element', 'palpable-content-0');
-- <a href="#palpable-content-0">Palpable content</a>.
INSERT INTO element_category (elt_name, cat_name) VALUES ('the-map-element', 'phrasing-content-1');
-- <a href="#phrasing-content-1">Phrasing content</a>.
INSERT INTO element_category (elt_name, cat_name) VALUES ('the-map-element', 'flow-content-1');
-- <a href="#flow-content-1">Flow content</a>.
INSERT INTO element_category (elt_name, cat_name) VALUES ('the-mark-element', 'palpable-content-0');
-- <a href="#palpable-content-0">Palpable content</a>.
INSERT INTO element_category (elt_name, cat_name) VALUES ('the-mark-element', 'phrasing-content-1');
-- <a href="#phrasing-content-1">Phrasing content</a>.
INSERT INTO element_category (elt_name, cat_name) VALUES ('the-mark-element', 'flow-content-1');
-- <a href="#flow-content-1">Flow content</a>.
INSERT INTO element_category (elt_name, cat_name) VALUES ('the-meta-element', 'metadata-content-0');
-- <a href="#metadata-content-0">Metadata content</a>.
INSERT INTO element_category (elt_name, cat_name) VALUES ('the-meter-element', 'palpable-content-0');
-- <a href="#palpable-content-0">Palpable content</a>.
INSERT INTO element_category (elt_name, cat_name) VALUES ('the-meter-element', 'category-label');
-- <a data-anolis-xref="category-label" href="#category-label">Labelable element</a>.
INSERT INTO element_category (elt_name, cat_name) VALUES ('the-meter-element', 'phrasing-content-1');
-- <a href="#phrasing-content-1">Phrasing content</a>.
INSERT INTO element_category (elt_name, cat_name) VALUES ('the-meter-element', 'flow-content-1');
-- <a href="#flow-content-1">Flow content</a>.
INSERT INTO element_category (elt_name, cat_name) VALUES ('the-nav-element', 'palpable-content-0');
-- <a href="#palpable-content-0">Palpable content</a>.
INSERT INTO element_category (elt_name, cat_name) VALUES ('the-nav-element', 'sectioning-content-0');
-- <a href="#sectioning-content-0">Sectioning content</a>.
INSERT INTO element_category (elt_name, cat_name) VALUES ('the-nav-element', 'flow-content-1');
-- <a href="#flow-content-1">Flow content</a>.
INSERT INTO element_category (elt_name, cat_name) VALUES ('the-noscript-element', 'phrasing-content-1');
-- <a href="#phrasing-content-1">Phrasing content</a>.
INSERT INTO element_category (elt_name, cat_name) VALUES ('the-noscript-element', 'flow-content-1');
-- <a href="#flow-content-1">Flow content</a>.
INSERT INTO element_category (elt_name, cat_name) VALUES ('the-noscript-element', 'metadata-content-0');
-- <a href="#metadata-content-0">Metadata content</a>.
INSERT INTO element_category (elt_name, cat_name) VALUES ('the-object-element', 'palpable-content-0');
-- <a href="#palpable-content-0">Palpable content</a>.
INSERT INTO element_category (elt_name, cat_name) VALUES ('the-object-element', 'category-listed');
-- <a data-anolis-xref="category-listed" href="#category-listed">Listed</a>, <a data-anolis-xref="category-submit" href="#category-submit">submittable</a>, and <a data-anolis-xref="category-form-attr" href="#category-form-attr">reassociateable</a> <a href="#form-associated-element">form-associated element</a>.
INSERT INTO element_category_has_attr (elt_name, cat_name, att_name) VALUES ('the-object-element', 'interactive-content-0', 'attr-hyperlink-usemap');
-- If the element has a <code data-anolis-xref="attr-hyperlink-usemap"><a href="#attr-hyperlink-usemap">usemap</a></code> attribute: <a href="#interactive-content-0">Interactive content</a>.
INSERT INTO element_category (elt_name, cat_name) VALUES ('the-object-element', 'embedded-content-2');
-- <a href="#embedded-content-2">Embedded content</a>.
INSERT INTO element_category (elt_name, cat_name) VALUES ('the-object-element', 'phrasing-content-1');
-- <a href="#phrasing-content-1">Phrasing content</a>.
INSERT INTO element_category (elt_name, cat_name) VALUES ('the-object-element', 'flow-content-1');
-- <a href="#flow-content-1">Flow content</a>.
INSERT INTO element_category_has_elts (elt_name, cat_name, ele_elts) VALUES ('the-ol-element', 'palpable-content-0', '{the-li-element}');
-- If the element's children include at least one <code><a href="#the-li-element">li</a></code> element: <a href="#palpable-content-0">Palpable content</a>.
INSERT INTO element_category (elt_name, cat_name) VALUES ('the-ol-element', 'flow-content-1');
-- <a href="#flow-content-1">Flow content</a>.
INSERT INTO element_category (elt_name, cat_name) VALUES ('the-output-element', 'palpable-content-0');
-- <a href="#palpable-content-0">Palpable content</a>.
INSERT INTO element_category (elt_name, cat_name) VALUES ('the-output-element', 'category-listed');
-- <a data-anolis-xref="category-listed" href="#category-listed">Listed</a>, <a data-anolis-xref="category-label" href="#category-label">labelable</a>, <a data-anolis-xref="category-reset" href="#category-reset">resettable</a>, and <a data-anolis-xref="category-form-attr" href="#category-form-attr">reassociateable</a> <a href="#form-associated-element">form-associated element</a>.
INSERT INTO element_category (elt_name, cat_name) VALUES ('the-output-element', 'phrasing-content-1');
-- <a href="#phrasing-content-1">Phrasing content</a>.
INSERT INTO element_category (elt_name, cat_name) VALUES ('the-output-element', 'flow-content-1');
-- <a href="#flow-content-1">Flow content</a>.
INSERT INTO element_category (elt_name, cat_name) VALUES ('the-p-element', 'palpable-content-0');
-- <a href="#palpable-content-0">Palpable content</a>.
INSERT INTO element_category (elt_name, cat_name) VALUES ('the-p-element', 'flow-content-1');
-- <a href="#flow-content-1">Flow content</a>.
INSERT INTO element_category (elt_name, cat_name) VALUES ('the-pre-element', 'palpable-content-0');
-- <a href="#palpable-content-0">Palpable content</a>.
INSERT INTO element_category (elt_name, cat_name) VALUES ('the-pre-element', 'flow-content-1');
-- <a href="#flow-content-1">Flow content</a>.
INSERT INTO element_category (elt_name, cat_name) VALUES ('the-progress-element', 'palpable-content-0');
-- <a href="#palpable-content-0">Palpable content</a>.
INSERT INTO element_category (elt_name, cat_name) VALUES ('the-progress-element', 'category-label');
-- <a data-anolis-xref="category-label" href="#category-label">Labelable element</a>.
INSERT INTO element_category (elt_name, cat_name) VALUES ('the-progress-element', 'phrasing-content-1');
-- <a href="#phrasing-content-1">Phrasing content</a>.
INSERT INTO element_category (elt_name, cat_name) VALUES ('the-progress-element', 'flow-content-1');
-- <a href="#flow-content-1">Flow content</a>.
INSERT INTO element_category (elt_name, cat_name) VALUES ('the-q-element', 'palpable-content-0');
-- <a href="#palpable-content-0">Palpable content</a>.
INSERT INTO element_category (elt_name, cat_name) VALUES ('the-q-element', 'phrasing-content-1');
-- <a href="#phrasing-content-1">Phrasing content</a>.
INSERT INTO element_category (elt_name, cat_name) VALUES ('the-q-element', 'flow-content-1');
-- <a href="#flow-content-1">Flow content</a>.
INSERT INTO element_category (elt_name, cat_name) VALUES ('the-ruby-element', 'palpable-content-0');
-- <a href="#palpable-content-0">Palpable content</a>.
INSERT INTO element_category (elt_name, cat_name) VALUES ('the-ruby-element', 'phrasing-content-1');
-- <a href="#phrasing-content-1">Phrasing content</a>.
INSERT INTO element_category (elt_name, cat_name) VALUES ('the-ruby-element', 'flow-content-1');
-- <a href="#flow-content-1">Flow content</a>.
INSERT INTO element_category (elt_name, cat_name) VALUES ('the-s-element', 'palpable-content-0');
-- <a href="#palpable-content-0">Palpable content</a>.
INSERT INTO element_category (elt_name, cat_name) VALUES ('the-s-element', 'phrasing-content-1');
-- <a href="#phrasing-content-1">Phrasing content</a>.
INSERT INTO element_category (elt_name, cat_name) VALUES ('the-s-element', 'flow-content-1');
-- <a href="#flow-content-1">Flow content</a>.
INSERT INTO element_category (elt_name, cat_name) VALUES ('the-samp-element', 'palpable-content-0');
-- <a href="#palpable-content-0">Palpable content</a>.
INSERT INTO element_category (elt_name, cat_name) VALUES ('the-samp-element', 'phrasing-content-1');
-- <a href="#phrasing-content-1">Phrasing content</a>.
INSERT INTO element_category (elt_name, cat_name) VALUES ('the-samp-element', 'flow-content-1');
-- <a href="#flow-content-1">Flow content</a>.
INSERT INTO element_category (elt_name, cat_name) VALUES ('the-script-element', 'script-supporting-elements-0');
-- <a data-anolis-xref="script-supporting elements" href="#script-supporting-elements-0">Script-supporting element</a>.
INSERT INTO element_category (elt_name, cat_name) VALUES ('the-script-element', 'phrasing-content-1');
-- <a href="#phrasing-content-1">Phrasing content</a>.
INSERT INTO element_category (elt_name, cat_name) VALUES ('the-script-element', 'flow-content-1');
-- <a href="#flow-content-1">Flow content</a>.
INSERT INTO element_category (elt_name, cat_name) VALUES ('the-script-element', 'metadata-content-0');
-- <a href="#metadata-content-0">Metadata content</a>.
INSERT INTO element_category (elt_name, cat_name) VALUES ('the-section-element', 'palpable-content-0');
-- <a href="#palpable-content-0">Palpable content</a>.
INSERT INTO element_category (elt_name, cat_name) VALUES ('the-section-element', 'sectioning-content-0');
-- <a href="#sectioning-content-0">Sectioning content</a>.
INSERT INTO element_category (elt_name, cat_name) VALUES ('the-section-element', 'flow-content-1');
-- <a href="#flow-content-1">Flow content</a>.
INSERT INTO element_category (elt_name, cat_name) VALUES ('the-select-element', 'palpable-content-0');
-- <a href="#palpable-content-0">Palpable content</a>.
INSERT INTO element_category (elt_name, cat_name) VALUES ('the-select-element', 'category-listed');
-- <a data-anolis-xref="category-listed" href="#category-listed">Listed</a>, <a data-anolis-xref="category-label" href="#category-label">labelable</a>, <a data-anolis-xref="category-submit" href="#category-submit">submittable</a>, <a data-anolis-xref="category-reset" href="#category-reset">resettable</a>, and <a data-anolis-xref="category-form-attr" href="#category-form-attr">reassociateable</a> <a href="#form-associated-element">form-associated element</a>.
INSERT INTO element_category (elt_name, cat_name) VALUES ('the-select-element', 'interactive-content-0');
-- <a href="#interactive-content-0">Interactive content</a>.
INSERT INTO element_category (elt_name, cat_name) VALUES ('the-select-element', 'phrasing-content-1');
-- <a href="#phrasing-content-1">Phrasing content</a>.
INSERT INTO element_category (elt_name, cat_name) VALUES ('the-select-element', 'flow-content-1');
-- <a href="#flow-content-1">Flow content</a>.
INSERT INTO element_category (elt_name, cat_name) VALUES ('the-small-element', 'palpable-content-0');
-- <a href="#palpable-content-0">Palpable content</a>.
INSERT INTO element_category (elt_name, cat_name) VALUES ('the-small-element', 'phrasing-content-1');
-- <a href="#phrasing-content-1">Phrasing content</a>.
INSERT INTO element_category (elt_name, cat_name) VALUES ('the-small-element', 'flow-content-1');
-- <a href="#flow-content-1">Flow content</a>.
INSERT INTO element_category (elt_name, cat_name) VALUES ('the-span-element', 'palpable-content-0');
-- <a href="#palpable-content-0">Palpable content</a>.
INSERT INTO element_category (elt_name, cat_name) VALUES ('the-span-element', 'phrasing-content-1');
-- <a href="#phrasing-content-1">Phrasing content</a>.
INSERT INTO element_category (elt_name, cat_name) VALUES ('the-span-element', 'flow-content-1');
-- <a href="#flow-content-1">Flow content</a>.
INSERT INTO element_category (elt_name, cat_name) VALUES ('the-strong-element', 'palpable-content-0');
-- <a href="#palpable-content-0">Palpable content</a>.
INSERT INTO element_category (elt_name, cat_name) VALUES ('the-strong-element', 'phrasing-content-1');
-- <a href="#phrasing-content-1">Phrasing content</a>.
INSERT INTO element_category (elt_name, cat_name) VALUES ('the-strong-element', 'flow-content-1');
-- <a href="#flow-content-1">Flow content</a>.
INSERT INTO element_category (elt_name, cat_name) VALUES ('the-style-element', 'metadata-content-0');
-- <a href="#metadata-content-0">Metadata content</a>.
INSERT INTO element_category (elt_name, cat_name) VALUES ('the-sub-and-sup-elements', 'palpable-content-0');
-- <a href="#palpable-content-0">Palpable content</a>.
INSERT INTO element_category (elt_name, cat_name) VALUES ('the-sub-and-sup-elements', 'phrasing-content-1');
-- <a href="#phrasing-content-1">Phrasing content</a>.
INSERT INTO element_category (elt_name, cat_name) VALUES ('the-sub-and-sup-elements', 'flow-content-1');
-- <a href="#flow-content-1">Flow content</a>.
INSERT INTO element_category (elt_name, cat_name) VALUES ('the-table-element', 'palpable-content-0');
-- <a href="#palpable-content-0">Palpable content</a>.
INSERT INTO element_category (elt_name, cat_name) VALUES ('the-table-element', 'flow-content-1');
-- <a href="#flow-content-1">Flow content</a>.
INSERT INTO element_category (elt_name, cat_name) VALUES ('the-td-element', 'sectioning-root');
-- <a href="#sectioning-root">Sectioning root</a>.
INSERT INTO element_category (elt_name, cat_name) VALUES ('the-template-element', 'script-supporting-elements-0');
-- <a data-anolis-xref="script-supporting elements" href="#script-supporting-elements-0">Script-supporting element</a>.
INSERT INTO element_category (elt_name, cat_name) VALUES ('the-template-element', 'phrasing-content-1');
-- <a href="#phrasing-content-1">Phrasing content</a>.
INSERT INTO element_category (elt_name, cat_name) VALUES ('the-template-element', 'flow-content-1');
-- <a href="#flow-content-1">Flow content</a>.
INSERT INTO element_category (elt_name, cat_name) VALUES ('the-template-element', 'metadata-content-0');
-- <a href="#metadata-content-0">Metadata content</a>.
INSERT INTO element_category (elt_name, cat_name) VALUES ('the-textarea-element', 'palpable-content-0');
-- <a href="#palpable-content-0">Palpable content</a>.
INSERT INTO element_category (elt_name, cat_name) VALUES ('the-textarea-element', 'category-listed');
-- <a data-anolis-xref="category-listed" href="#category-listed">Listed</a>, <a data-anolis-xref="category-label" href="#category-label">labelable</a>, <a data-anolis-xref="category-submit" href="#category-submit">submittable</a>, <a data-anolis-xref="category-reset" href="#category-reset">resettable</a>, and <a data-anolis-xref="category-form-attr" href="#category-form-attr">reassociateable</a> <a href="#form-associated-element">form-associated element</a>.
INSERT INTO element_category (elt_name, cat_name) VALUES ('the-textarea-element', 'interactive-content-0');
-- <a href="#interactive-content-0">Interactive content</a>.
INSERT INTO element_category (elt_name, cat_name) VALUES ('the-textarea-element', 'phrasing-content-1');
-- <a href="#phrasing-content-1">Phrasing content</a>.
INSERT INTO element_category (elt_name, cat_name) VALUES ('the-textarea-element', 'flow-content-1');
-- <a href="#flow-content-1">Flow content</a>.
INSERT INTO element_category (elt_name, cat_name) VALUES ('the-time-element', 'palpable-content-0');
-- <a href="#palpable-content-0">Palpable content</a>.
INSERT INTO element_category (elt_name, cat_name) VALUES ('the-time-element', 'phrasing-content-1');
-- <a href="#phrasing-content-1">Phrasing content</a>.
INSERT INTO element_category (elt_name, cat_name) VALUES ('the-time-element', 'flow-content-1');
-- <a href="#flow-content-1">Flow content</a>.
INSERT INTO element_category (elt_name, cat_name) VALUES ('the-title-element', 'metadata-content-0');
-- <a href="#metadata-content-0">Metadata content</a>.
INSERT INTO element_category (elt_name, cat_name) VALUES ('the-u-element', 'palpable-content-0');
-- <a href="#palpable-content-0">Palpable content</a>.
INSERT INTO element_category (elt_name, cat_name) VALUES ('the-u-element', 'phrasing-content-1');
-- <a href="#phrasing-content-1">Phrasing content</a>.
INSERT INTO element_category (elt_name, cat_name) VALUES ('the-u-element', 'flow-content-1');
-- <a href="#flow-content-1">Flow content</a>.
INSERT INTO element_category_has_elts (elt_name, cat_name, ele_elts) VALUES ('the-ul-element', 'palpable-content-0', '{the-li-element}');
-- If the element's children include at least one <code><a href="#the-li-element">li</a></code> element: <a href="#palpable-content-0">Palpable content</a>.
INSERT INTO element_category (elt_name, cat_name) VALUES ('the-ul-element', 'flow-content-1');
-- <a href="#flow-content-1">Flow content</a>.
INSERT INTO element_category (elt_name, cat_name) VALUES ('the-var-element', 'palpable-content-0');
-- <a href="#palpable-content-0">Palpable content</a>.
INSERT INTO element_category (elt_name, cat_name) VALUES ('the-var-element', 'phrasing-content-1');
-- <a href="#phrasing-content-1">Phrasing content</a>.
INSERT INTO element_category (elt_name, cat_name) VALUES ('the-var-element', 'flow-content-1');
-- <a href="#flow-content-1">Flow content</a>.
INSERT INTO element_category (elt_name, cat_name) VALUES ('the-video-element', 'palpable-content-0');
-- <a href="#palpable-content-0">Palpable content</a>.
INSERT INTO element_category_has_attr (elt_name, cat_name, att_name) VALUES ('the-video-element', 'interactive-content-0', 'attr-media-controls');
-- If the element has a <code data-anolis-xref="attr-media-controls"><a href="#attr-media-controls">controls</a></code> attribute: <a href="#interactive-content-0">Interactive content</a>.
INSERT INTO element_category (elt_name, cat_name) VALUES ('the-video-element', 'embedded-content-2');
-- <a href="#embedded-content-2">Embedded content</a>.
INSERT INTO element_category (elt_name, cat_name) VALUES ('the-video-element', 'phrasing-content-1');
-- <a href="#phrasing-content-1">Phrasing content</a>.
INSERT INTO element_category (elt_name, cat_name) VALUES ('the-video-element', 'flow-content-1');
-- <a href="#flow-content-1">Flow content</a>.
INSERT INTO element_category (elt_name, cat_name) VALUES ('the-wbr-element', 'phrasing-content-1');
-- <a href="#phrasing-content-1">Phrasing content</a>.
INSERT INTO element_category (elt_name, cat_name) VALUES ('the-wbr-element', 'flow-content-1');
-- <a href="#flow-content-1">Flow content</a>.

INSERT INTO element_context_category (elt_name, cat_name) VALUES ('the-a-element', 'phrasing-content-1');
-- Where <a href="#phrasing-content-1">phrasing content</a> is expected.
INSERT INTO element_context_category (elt_name, cat_name) VALUES ('the-abbr-element', 'phrasing-content-1');
-- Where <a href="#phrasing-content-1">phrasing content</a> is expected.
INSERT INTO element_context_category (elt_name, cat_name) VALUES ('the-address-element', 'flow-content-1');
-- Where <a href="#flow-content-1">flow content</a> is expected.
INSERT INTO element_context_category (elt_name, cat_name) VALUES ('the-article-element', 'flow-content-1');
-- Where <a href="#flow-content-1">flow content</a> is expected.
INSERT INTO element_context_category (elt_name, cat_name) VALUES ('the-aside-element', 'flow-content-1');
-- Where <a href="#flow-content-1">flow content</a> is expected.
INSERT INTO element_context_category (elt_name, cat_name) VALUES ('the-audio-element', 'embedded-content-2');
-- Where <a href="#embedded-content-2">embedded content</a> is expected.
INSERT INTO element_context_category (elt_name, cat_name) VALUES ('the-b-element', 'phrasing-content-1');
-- Where <a href="#phrasing-content-1">phrasing content</a> is expected.
INSERT INTO element_context_child_of (elt_name, ecc_child_of, ecc_position, ecc_once) VALUES ('the-base-element', 'the-head-element', 'any', TRUE);
-- In a <code><a href="#the-head-element">head</a></code> element containing no other <code><a href="#the-base-element">base</a></code> elements.
INSERT INTO element_context_category (elt_name, cat_name) VALUES ('the-bdi-element', 'phrasing-content-1');
-- Where <a href="#phrasing-content-1">phrasing content</a> is expected.
INSERT INTO element_context_category (elt_name, cat_name) VALUES ('the-bdo-element', 'phrasing-content-1');
-- Where <a href="#phrasing-content-1">phrasing content</a> is expected.
INSERT INTO element_context_category (elt_name, cat_name) VALUES ('the-blockquote-element', 'flow-content-1');
-- Where <a href="#flow-content-1">flow content</a> is expected.
INSERT INTO element_context_child_of (elt_name, ecc_child_of, ecc_position, ecc_once) VALUES ('the-body-element', 'the-html-element', 'second', FALSE);
-- As the second element in an <code><a href="#the-html-element">html</a></code> element.
INSERT INTO element_context_category (elt_name, cat_name) VALUES ('the-br-element', 'phrasing-content-1');
-- Where <a href="#phrasing-content-1">phrasing content</a> is expected.
INSERT INTO element_context_category (elt_name, cat_name) VALUES ('the-button-element', 'phrasing-content-1');
-- Where <a href="#phrasing-content-1">phrasing content</a> is expected.
INSERT INTO element_context_category (elt_name, cat_name) VALUES ('the-canvas-element', 'embedded-content-2');
-- Where <a href="#embedded-content-2">embedded content</a> is expected.
INSERT INTO element_context_child_of (elt_name, ecc_child_of, ecc_position, ecc_once) VALUES ('the-caption-element', 'the-table-element', 'first', FALSE);
-- As the first element child of a <code><a href="#the-table-element">table</a></code> element.
INSERT INTO element_context_category (elt_name, cat_name) VALUES ('the-cite-element', 'phrasing-content-1');
-- Where <a href="#phrasing-content-1">phrasing content</a> is expected.
INSERT INTO element_context_category (elt_name, cat_name) VALUES ('the-code-element', 'phrasing-content-1');
-- Where <a href="#phrasing-content-1">phrasing content</a> is expected.
INSERT INTO element_context_child_no_attr (elt_name, cna_parent, att_name) VALUES ('the-col-element', 'the-colgroup-element', 'attr-col-span');
-- As a child of a <code><a href="#the-colgroup-element">colgroup</a></code> element that doesn't have a <code data-anolis-xref="attr-col-span"><a href="#attr-col-span">span</a></code> attribute.
INSERT INTO element_context_category (elt_name, cat_name) VALUES ('the-data-element', 'phrasing-content-1');
-- Where <a href="#phrasing-content-1">phrasing content</a> is expected.
INSERT INTO element_context_category (elt_name, cat_name) VALUES ('the-datalist-element', 'phrasing-content-1');
-- Where <a href="#phrasing-content-1">phrasing content</a> is expected.
INSERT INTO element_context_between (elt_name, ecb_parent, ecb_before, ecb_after) VALUES ('the-dd-element', 'the-dl-element', '{the-dt-element, the-dd-element}', '{}');
-- After <code><a href="#the-dt-element">dt</a></code> or <code><a href="#the-dd-element">dd</a></code> elements inside <code><a href="#the-dl-element">dl</a></code> elements.
INSERT INTO element_context_category (elt_name, cat_name) VALUES ('the-del-element', 'phrasing-content-1');
-- Where <a href="#phrasing-content-1">phrasing content</a> is expected.
INSERT INTO element_context_category (elt_name, cat_name) VALUES ('the-dfn-element', 'phrasing-content-1');
-- Where <a href="#phrasing-content-1">phrasing content</a> is expected.
INSERT INTO element_context_category (elt_name, cat_name) VALUES ('the-div-element', 'flow-content-1');
-- Where <a href="#flow-content-1">flow content</a> is expected.
INSERT INTO element_context_category (elt_name, cat_name) VALUES ('the-dl-element', 'flow-content-1');
-- Where <a href="#flow-content-1">flow content</a> is expected.
INSERT INTO element_context_between (elt_name, ecb_parent, ecb_before, ecb_after) VALUES ('the-dt-element', 'the-dl-element', '{}', '{the-dd-element, the-dt-element}');
-- Before <code><a href="#the-dd-element">dd</a></code> or <code><a href="#the-dt-element">dt</a></code> elements inside <code><a href="#the-dl-element">dl</a></code> elements.
INSERT INTO element_context_category (elt_name, cat_name) VALUES ('the-em-element', 'phrasing-content-1');
-- Where <a href="#phrasing-content-1">phrasing content</a> is expected.
INSERT INTO element_context_category (elt_name, cat_name) VALUES ('the-embed-element', 'embedded-content-2');
-- Where <a href="#embedded-content-2">embedded content</a> is expected.
INSERT INTO element_context_category (elt_name, cat_name) VALUES ('the-fieldset-element', 'flow-content-1');
-- Where <a href="#flow-content-1">flow content</a> is expected.
INSERT INTO element_context_child_of (elt_name, ecc_child_of, ecc_position, ecc_once) VALUES ('the-figcaption-element', 'the-figure-element', 'first or last', FALSE);
-- As the first or last child of a <code><a href="#the-figure-element">figure</a></code> element.
INSERT INTO element_context_category (elt_name, cat_name) VALUES ('the-figure-element', 'flow-content-1');
-- Where <a href="#flow-content-1">flow content</a> is expected.
INSERT INTO element_context_category (elt_name, cat_name) VALUES ('the-footer-element', 'flow-content-1');
-- Where <a href="#flow-content-1">flow content</a> is expected.
INSERT INTO element_context_category (elt_name, cat_name) VALUES ('the-form-element', 'flow-content-1');
-- Where <a href="#flow-content-1">flow content</a> is expected.
INSERT INTO element_context_category (elt_name, cat_name) VALUES ('the-h1,-h2,-h3,-h4,-h5,-and-h6-elements', 'flow-content-1');
-- Where <a href="#flow-content-1">flow content</a> is expected.
INSERT INTO element_context_child_of (elt_name, ecc_child_of, ecc_position, ecc_once) VALUES ('the-head-element', 'the-html-element', 'first', FALSE);
-- As the first element in an <code><a href="#the-html-element">html</a></code> element.
INSERT INTO element_context_category (elt_name, cat_name) VALUES ('the-header-element', 'flow-content-1');
-- Where <a href="#flow-content-1">flow content</a> is expected.
INSERT INTO element_context_category (elt_name, cat_name) VALUES ('the-hr-element', 'flow-content-1');
-- Where <a href="#flow-content-1">flow content</a> is expected.
INSERT INTO element_context_subdocument (elt_name) VALUES ('the-html-element');
-- Wherever a subdocument fragment is allowed in a compound document.
INSERT INTO element_context_root (elt_name) VALUES ('the-html-element');
-- As the root element of a document.
INSERT INTO element_context_category (elt_name, cat_name) VALUES ('the-i-element', 'phrasing-content-1');
-- Where <a href="#phrasing-content-1">phrasing content</a> is expected.
INSERT INTO element_context_category (elt_name, cat_name) VALUES ('the-iframe-element', 'embedded-content-2');
-- Where <a href="#embedded-content-2">embedded content</a> is expected.
INSERT INTO element_context_category (elt_name, cat_name) VALUES ('the-img-element', 'embedded-content-2');
-- Where <a href="#embedded-content-2">embedded content</a> is expected.
INSERT INTO element_context_category (elt_name, cat_name) VALUES ('the-input-element', 'phrasing-content-1');
-- Where <a href="#phrasing-content-1">phrasing content</a> is expected.
INSERT INTO element_context_category (elt_name, cat_name) VALUES ('the-ins-element', 'phrasing-content-1');
-- Where <a href="#phrasing-content-1">phrasing content</a> is expected.
INSERT INTO element_context_category (elt_name, cat_name) VALUES ('the-kbd-element', 'phrasing-content-1');
-- Where <a href="#phrasing-content-1">phrasing content</a> is expected.
INSERT INTO element_context_category (elt_name, cat_name) VALUES ('the-keygen-element', 'phrasing-content-1');
-- Where <a href="#phrasing-content-1">phrasing content</a> is expected.
INSERT INTO element_context_category (elt_name, cat_name) VALUES ('the-label-element', 'phrasing-content-1');
-- Where <a href="#phrasing-content-1">phrasing content</a> is expected.
INSERT INTO element_context_child_of (elt_name, ecc_child_of, ecc_position, ecc_once) VALUES ('the-legend-element', 'the-fieldset-element', 'first', FALSE);
-- As the first child of a <code><a href="#the-fieldset-element">fieldset</a></code> element.
INSERT INTO element_context_child_of (elt_name, ecc_child_of, ecc_position, ecc_once) VALUES ('the-li-element', 'the-ul-element', 'any', FALSE);
-- Inside <code><a href="#the-ul-element">ul</a></code> elements.
INSERT INTO element_context_child_of (elt_name, ecc_child_of, ecc_position, ecc_once) VALUES ('the-li-element', 'the-ol-element', 'any', FALSE);
-- Inside <code><a href="#the-ol-element">ol</a></code> elements.
INSERT INTO element_context_subelement (elt_name, ecs_elt, ecs_sub) VALUES ('the-link-element', 'the-noscript-element', 'the-head-element');
-- In a <code><a href="#the-noscript-element">noscript</a></code> element that is a child of a <code><a href="#the-head-element">head</a></code> element.
INSERT INTO element_context_category (elt_name, cat_name) VALUES ('the-link-element', 'metadata-content-0');
-- Where <a href="#metadata-content-0">metadata content</a> is expected.
INSERT INTO element_context_category (elt_name, cat_name) VALUES ('the-map-element', 'phrasing-content-1');
-- Where <a href="#phrasing-content-1">phrasing content</a> is expected.
INSERT INTO element_context_category (elt_name, cat_name) VALUES ('the-mark-element', 'phrasing-content-1');
-- Where <a href="#phrasing-content-1">phrasing content</a> is expected.
INSERT INTO element_context_category (elt_name, cat_name) VALUES ('the-meter-element', 'phrasing-content-1');
-- Where <a href="#phrasing-content-1">phrasing content</a> is expected.
INSERT INTO element_context_category (elt_name, cat_name) VALUES ('the-nav-element', 'flow-content-1');
-- Where <a href="#flow-content-1">flow content</a> is expected.
INSERT INTO element_context_category (elt_name, cat_name) VALUES ('the-object-element', 'embedded-content-2');
-- Where <a href="#embedded-content-2">embedded content</a> is expected.
INSERT INTO element_context_category (elt_name, cat_name) VALUES ('the-ol-element', 'flow-content-1');
-- Where <a href="#flow-content-1">flow content</a> is expected.
INSERT INTO element_context_child_of (elt_name, ecc_child_of, ecc_position, ecc_once) VALUES ('the-optgroup-element', 'the-select-element', 'any', FALSE);
-- As a child of a <code><a href="#the-select-element">select</a></code> element.
INSERT INTO element_context_child_of (elt_name, ecc_child_of, ecc_position, ecc_once) VALUES ('the-option-element', 'the-optgroup-element', 'any', FALSE);
-- As a child of an <code><a href="#the-optgroup-element">optgroup</a></code> element.
INSERT INTO element_context_child_of (elt_name, ecc_child_of, ecc_position, ecc_once) VALUES ('the-option-element', 'the-datalist-element', 'any', FALSE);
-- As a child of a <code><a href="#the-datalist-element">datalist</a></code> element.
INSERT INTO element_context_child_of (elt_name, ecc_child_of, ecc_position, ecc_once) VALUES ('the-option-element', 'the-select-element', 'any', FALSE);
-- As a child of a <code><a href="#the-select-element">select</a></code> element.
INSERT INTO element_context_category (elt_name, cat_name) VALUES ('the-output-element', 'phrasing-content-1');
-- Where <a href="#phrasing-content-1">phrasing content</a> is expected.
INSERT INTO element_context_category (elt_name, cat_name) VALUES ('the-p-element', 'flow-content-1');
-- Where <a href="#flow-content-1">flow content</a> is expected.
INSERT INTO element_context_category (elt_name, cat_name) VALUES ('the-pre-element', 'flow-content-1');
-- Where <a href="#flow-content-1">flow content</a> is expected.
INSERT INTO element_context_category (elt_name, cat_name) VALUES ('the-progress-element', 'phrasing-content-1');
-- Where <a href="#phrasing-content-1">phrasing content</a> is expected.
INSERT INTO element_context_category (elt_name, cat_name) VALUES ('the-q-element', 'phrasing-content-1');
-- Where <a href="#phrasing-content-1">phrasing content</a> is expected.
INSERT INTO element_context_child_of (elt_name, ecc_child_of, ecc_position, ecc_once) VALUES ('the-rb-element', 'the-ruby-element', 'any', FALSE);
-- As a child of a <code><a href="#the-ruby-element">ruby</a></code> element.
INSERT INTO element_context_child_of (elt_name, ecc_child_of, ecc_position, ecc_once) VALUES ('the-rtc-element', 'the-ruby-element', 'any', FALSE);
-- As a child of a <code><a href="#the-ruby-element">ruby</a></code> element.
INSERT INTO element_context_category (elt_name, cat_name) VALUES ('the-ruby-element', 'phrasing-content-1');
-- Where <a href="#phrasing-content-1">phrasing content</a> is expected.
INSERT INTO element_context_category (elt_name, cat_name) VALUES ('the-s-element', 'phrasing-content-1');
-- Where <a href="#phrasing-content-1">phrasing content</a> is expected.
INSERT INTO element_context_category (elt_name, cat_name) VALUES ('the-samp-element', 'phrasing-content-1');
-- Where <a href="#phrasing-content-1">phrasing content</a> is expected.
INSERT INTO element_context_category (elt_name, cat_name) VALUES ('the-script-element', 'script-supporting-elements-0');
-- Where <a href="#script-supporting-elements-0">script-supporting elements</a> are expected.
INSERT INTO element_context_category (elt_name, cat_name) VALUES ('the-script-element', 'phrasing-content-1');
-- Where <a href="#phrasing-content-1">phrasing content</a> is expected.
INSERT INTO element_context_category (elt_name, cat_name) VALUES ('the-script-element', 'metadata-content-0');
-- Where <a href="#metadata-content-0">metadata content</a> is expected.
INSERT INTO element_context_category (elt_name, cat_name) VALUES ('the-section-element', 'flow-content-1');
-- Where <a href="#flow-content-1">flow content</a> is expected.
INSERT INTO element_context_category (elt_name, cat_name) VALUES ('the-select-element', 'phrasing-content-1');
-- Where <a href="#phrasing-content-1">phrasing content</a> is expected.
INSERT INTO element_context_category (elt_name, cat_name) VALUES ('the-small-element', 'phrasing-content-1');
-- Where <a href="#phrasing-content-1">phrasing content</a> is expected.
INSERT INTO element_context_category (elt_name, cat_name) VALUES ('the-span-element', 'phrasing-content-1');
-- Where <a href="#phrasing-content-1">phrasing content</a> is expected.
INSERT INTO element_context_category (elt_name, cat_name) VALUES ('the-strong-element', 'phrasing-content-1');
-- Where <a href="#phrasing-content-1">phrasing content</a> is expected.
INSERT INTO element_context_subelement (elt_name, ecs_elt, ecs_sub) VALUES ('the-style-element', 'the-noscript-element', 'the-head-element');
-- In a <code><a href="#the-noscript-element">noscript</a></code> element that is a child of a <code><a href="#the-head-element">head</a></code> element.
INSERT INTO element_context_category (elt_name, cat_name) VALUES ('the-style-element', 'metadata-content-0');
-- Where <a href="#metadata-content-0">metadata content</a> is expected.
INSERT INTO element_context_category (elt_name, cat_name) VALUES ('the-sub-and-sup-elements', 'phrasing-content-1');
-- Where <a href="#phrasing-content-1">phrasing content</a> is expected.
INSERT INTO element_context_category (elt_name, cat_name) VALUES ('the-table-element', 'flow-content-1');
-- Where <a href="#flow-content-1">flow content</a> is expected.
INSERT INTO element_context_child_of (elt_name, ecc_child_of, ecc_position, ecc_once) VALUES ('the-td-element', 'the-tr-element', 'any', FALSE);
-- As a child of a <code><a href="#the-tr-element">tr</a></code> element.
INSERT INTO element_context_child_no_attr (elt_name, cna_parent, att_name) VALUES ('the-template-element', 'the-colgroup-element', 'attr-colgroup-span');
-- As a child of a <code><a href="#the-colgroup-element">colgroup</a></code> element that doesn't have a <code data-anolis-xref="attr-colgroup-span"><a href="#attr-colgroup-span">span</a></code> attribute.
INSERT INTO element_context_category (elt_name, cat_name) VALUES ('the-template-element', 'script-supporting-elements-0');
-- Where <a href="#script-supporting-elements-0">script-supporting elements</a> are expected.
INSERT INTO element_context_category (elt_name, cat_name) VALUES ('the-template-element', 'phrasing-content-1');
-- Where <a href="#phrasing-content-1">phrasing content</a> is expected.
INSERT INTO element_context_category (elt_name, cat_name) VALUES ('the-template-element', 'metadata-content-0');
-- Where <a href="#metadata-content-0">metadata content</a> is expected.
INSERT INTO element_context_category (elt_name, cat_name) VALUES ('the-textarea-element', 'phrasing-content-1');
-- Where <a href="#phrasing-content-1">phrasing content</a> is expected.
INSERT INTO element_context_between (elt_name, ecb_parent, ecb_before, ecb_after) VALUES ('the-tfoot-element', 'the-table-element', '{the-caption-element, the-colgroup-element, the-thead-element}', '{the-tbody-element, the-tr-element}');
-- As a child of a <code><a href="#the-table-element">table</a></code> element, after any <code><a href="#the-caption-element">caption</a></code>, <code><a href="#the-colgroup-element">colgroup</a></code>, and <code><a href="#the-thead-element">thead</a></code> elements and before any <code><a href="#the-tbody-element">tbody</a></code> and <code><a href="#the-tr-element">tr</a></code> elements, but only if there are no other <code><a href="#the-tfoot-element">tfoot</a></code> elements that are children of the <code><a href="#the-table-element">table</a></code> element.
INSERT INTO element_context_child_of (elt_name, ecc_child_of, ecc_position, ecc_once) VALUES ('the-th-element', 'the-tr-element', 'any', FALSE);
-- As a child of a <code><a href="#the-tr-element">tr</a></code> element.
INSERT INTO element_context_between (elt_name, ecb_parent, ecb_before, ecb_after) VALUES ('the-thead-element', 'the-table-element', '{the-caption-element, the-colgroup-element}', '{the-tbody-element, the-tfoot-element, the-tr-element}');
-- As a child of a <code><a href="#the-table-element">table</a></code> element, after any <code><a href="#the-caption-element">caption</a></code>, and <code><a href="#the-colgroup-element">colgroup</a></code> elements and before any <code><a href="#the-tbody-element">tbody</a></code>, <code><a href="#the-tfoot-element">tfoot</a></code>, and <code><a href="#the-tr-element">tr</a></code> elements, but only if there are no other <code><a href="#the-thead-element">thead</a></code> elements that are children of the <code><a href="#the-table-element">table</a></code> element.
INSERT INTO element_context_category (elt_name, cat_name) VALUES ('the-time-element', 'phrasing-content-1');
-- Where <a href="#phrasing-content-1">phrasing content</a> is expected.
INSERT INTO element_context_child_of (elt_name, ecc_child_of, ecc_position, ecc_once) VALUES ('the-title-element', 'the-head-element', 'any', TRUE);
-- In a <code><a href="#the-head-element">head</a></code> element containing no other <code><a href="#the-title-element">title</a></code> elements.
INSERT INTO element_context_child_of (elt_name, ecc_child_of, ecc_position, ecc_once) VALUES ('the-tr-element', 'the-tfoot-element', 'any', FALSE);
-- As a child of a <code><a href="#the-tfoot-element">tfoot</a></code> element.
INSERT INTO element_context_child_of (elt_name, ecc_child_of, ecc_position, ecc_once) VALUES ('the-tr-element', 'the-tbody-element', 'any', FALSE);
-- As a child of a <code><a href="#the-tbody-element">tbody</a></code> element.
INSERT INTO element_context_child_of (elt_name, ecc_child_of, ecc_position, ecc_once) VALUES ('the-tr-element', 'the-thead-element', 'any', FALSE);
-- As a child of a <code><a href="#the-thead-element">thead</a></code> element.
INSERT INTO element_context_category (elt_name, cat_name) VALUES ('the-u-element', 'phrasing-content-1');
-- Where <a href="#phrasing-content-1">phrasing content</a> is expected.
INSERT INTO element_context_category (elt_name, cat_name) VALUES ('the-ul-element', 'flow-content-1');
-- Where <a href="#flow-content-1">flow content</a> is expected.
INSERT INTO element_context_category (elt_name, cat_name) VALUES ('the-var-element', 'phrasing-content-1');
-- Where <a href="#phrasing-content-1">phrasing content</a> is expected.
INSERT INTO element_context_category (elt_name, cat_name) VALUES ('the-video-element', 'embedded-content-2');
-- Where <a href="#embedded-content-2">embedded content</a> is expected.
INSERT INTO element_context_category (elt_name, cat_name) VALUES ('the-wbr-element', 'phrasing-content-1');
-- Where <a href="#phrasing-content-1">phrasing content</a> is expected.

INSERT INTO element_model_category (elt_name, cat_name) VALUES ('the-abbr-element', 'phrasing-content-1');
-- <a href="#phrasing-content-1">Phrasing content</a>.
INSERT INTO element_model_empty (elt_name) VALUES ('the-area-element');
-- Empty.
INSERT INTO element_model_category (elt_name, cat_name) VALUES ('the-article-element', 'flow-content-1');
-- <a href="#flow-content-1">Flow content</a>.
INSERT INTO element_model_category (elt_name, cat_name) VALUES ('the-b-element', 'phrasing-content-1');
-- <a href="#phrasing-content-1">Phrasing content</a>.
INSERT INTO element_model_empty (elt_name) VALUES ('the-base-element');
-- Empty.
INSERT INTO element_model_category (elt_name, cat_name) VALUES ('the-bdi-element', 'phrasing-content-1');
-- <a href="#phrasing-content-1">Phrasing content</a>.
INSERT INTO element_model_category (elt_name, cat_name) VALUES ('the-bdo-element', 'phrasing-content-1');
-- <a href="#phrasing-content-1">Phrasing content</a>.
INSERT INTO element_model_category (elt_name, cat_name) VALUES ('the-blockquote-element', 'flow-content-1');
-- <a href="#flow-content-1">Flow content</a>.
INSERT INTO element_model_category (elt_name, cat_name) VALUES ('the-body-element', 'flow-content-1');
-- <a href="#flow-content-1">Flow content</a>.
INSERT INTO element_model_empty (elt_name) VALUES ('the-br-element');
-- Empty.
INSERT INTO element_model_category (elt_name, cat_name) VALUES ('the-cite-element', 'phrasing-content-1');
-- <a href="#phrasing-content-1">Phrasing content</a>.
INSERT INTO element_model_category (elt_name, cat_name) VALUES ('the-code-element', 'phrasing-content-1');
-- <a href="#phrasing-content-1">Phrasing content</a>.
INSERT INTO element_model_empty (elt_name) VALUES ('the-col-element');
-- Empty.
INSERT INTO element_model_category (elt_name, cat_name) VALUES ('the-data-element', 'phrasing-content-1');
-- <a href="#phrasing-content-1">Phrasing content</a>.
INSERT INTO element_model_category (elt_name, cat_name) VALUES ('the-dd-element', 'flow-content-1');
-- <a href="#flow-content-1">Flow content</a>.
INSERT INTO element_model_category (elt_name, cat_name) VALUES ('the-del-element', 'transparent');
-- <a href="#transparent">Transparent</a>.
INSERT INTO element_model_category (elt_name, cat_name) VALUES ('the-div-element', 'flow-content-1');
-- <a href="#flow-content-1">Flow content</a>.
INSERT INTO element_model_category (elt_name, cat_name) VALUES ('the-em-element', 'phrasing-content-1');
-- <a href="#phrasing-content-1">Phrasing content</a>.
INSERT INTO element_model_empty (elt_name) VALUES ('the-embed-element');
-- Empty.
INSERT INTO element_model_category (elt_name, cat_name) VALUES ('the-figcaption-element', 'flow-content-1');
-- <a href="#flow-content-1">Flow content</a>.
INSERT INTO element_model_category (elt_name, cat_name) VALUES ('the-h1,-h2,-h3,-h4,-h5,-and-h6-elements', 'phrasing-content-1');
-- <a href="#phrasing-content-1">Phrasing content</a>.
INSERT INTO element_model_empty (elt_name) VALUES ('the-hr-element');
-- Empty.
INSERT INTO element_model_category (elt_name, cat_name) VALUES ('the-i-element', 'phrasing-content-1');
-- <a href="#phrasing-content-1">Phrasing content</a>.
INSERT INTO element_model_empty (elt_name) VALUES ('the-img-element');
-- Empty.
INSERT INTO element_model_empty (elt_name) VALUES ('the-input-element');
-- Empty.
INSERT INTO element_model_category (elt_name, cat_name) VALUES ('the-ins-element', 'transparent');
-- <a href="#transparent">Transparent</a>.
INSERT INTO element_model_category (elt_name, cat_name) VALUES ('the-kbd-element', 'phrasing-content-1');
-- <a href="#phrasing-content-1">Phrasing content</a>.
INSERT INTO element_model_empty (elt_name) VALUES ('the-keygen-element');
-- Empty.
INSERT INTO element_model_category (elt_name, cat_name) VALUES ('the-legend-element', 'phrasing-content-1');
-- <a href="#phrasing-content-1">Phrasing content</a>.
INSERT INTO element_model_category (elt_name, cat_name) VALUES ('the-li-element', 'flow-content-1');
-- <a href="#flow-content-1">Flow content</a>.
INSERT INTO element_model_empty (elt_name) VALUES ('the-link-element');
-- Empty.
INSERT INTO element_model_category (elt_name, cat_name) VALUES ('the-main-element', 'flow-content-1');
-- <a href="#flow-content-1">Flow content</a>.
INSERT INTO element_model_category (elt_name, cat_name) VALUES ('the-map-element', 'transparent');
-- <a href="#transparent">Transparent</a>.
INSERT INTO element_model_category (elt_name, cat_name) VALUES ('the-mark-element', 'phrasing-content-1');
-- <a href="#phrasing-content-1">Phrasing content</a>.
INSERT INTO element_model_empty (elt_name) VALUES ('the-meta-element');
-- Empty.
INSERT INTO element_model_category (elt_name, cat_name) VALUES ('the-output-element', 'phrasing-content-1');
-- <a href="#phrasing-content-1">Phrasing content</a>.
INSERT INTO element_model_category (elt_name, cat_name) VALUES ('the-p-element', 'phrasing-content-1');
-- <a href="#phrasing-content-1">Phrasing content</a>.
INSERT INTO element_model_empty (elt_name) VALUES ('the-param-element');
-- Empty.
INSERT INTO element_model_category (elt_name, cat_name) VALUES ('the-pre-element', 'phrasing-content-1');
-- <a href="#phrasing-content-1">Phrasing content</a>.
INSERT INTO element_model_category (elt_name, cat_name) VALUES ('the-q-element', 'phrasing-content-1');
-- <a href="#phrasing-content-1">Phrasing content</a>.
INSERT INTO element_model_category (elt_name, cat_name) VALUES ('the-rb-element', 'phrasing-content-1');
-- <a href="#phrasing-content-1">Phrasing content</a>.
INSERT INTO element_model_category (elt_name, cat_name) VALUES ('the-rp-element', 'phrasing-content-1');
-- <a href="#phrasing-content-1">Phrasing content</a>.
INSERT INTO element_model_category (elt_name, cat_name) VALUES ('the-rt-element', 'phrasing-content-1');
-- <a href="#phrasing-content-1">Phrasing content</a>.
INSERT INTO element_model_category (elt_name, cat_name) VALUES ('the-s-element', 'phrasing-content-1');
-- <a href="#phrasing-content-1">Phrasing content</a>.
INSERT INTO element_model_category (elt_name, cat_name) VALUES ('the-samp-element', 'phrasing-content-1');
-- <a href="#phrasing-content-1">Phrasing content</a>.
INSERT INTO element_model_category (elt_name, cat_name) VALUES ('the-section-element', 'flow-content-1');
-- <a href="#flow-content-1">Flow content</a>.
INSERT INTO element_model_category (elt_name, cat_name) VALUES ('the-small-element', 'phrasing-content-1');
-- <a href="#phrasing-content-1">Phrasing content</a>.
INSERT INTO element_model_empty (elt_name) VALUES ('the-source-element');
-- Empty.
INSERT INTO element_model_category (elt_name, cat_name) VALUES ('the-span-element', 'phrasing-content-1');
-- <a href="#phrasing-content-1">Phrasing content</a>.
INSERT INTO element_model_category (elt_name, cat_name) VALUES ('the-strong-element', 'phrasing-content-1');
-- <a href="#phrasing-content-1">Phrasing content</a>.
INSERT INTO element_model_category (elt_name, cat_name) VALUES ('the-sub-and-sup-elements', 'phrasing-content-1');
-- <a href="#phrasing-content-1">Phrasing content</a>.
INSERT INTO element_model_category (elt_name, cat_name) VALUES ('the-td-element', 'flow-content-1');
-- <a href="#flow-content-1">Flow content</a>.
INSERT INTO element_model_category (elt_name, cat_name) VALUES ('the-textarea-element', 'text-content');
-- <a data-anolis-xref="text content" href="#text-content">Text</a>.
INSERT INTO element_model_category (elt_name, cat_name) VALUES ('the-time-element', 'phrasing-content-1');
-- <a href="#phrasing-content-1">Phrasing content</a>.
INSERT INTO element_model_category (elt_name, cat_name) VALUES ('the-title-element', 'text-content');
-- <a data-anolis-xref="text content" href="#text-content">Text</a> that is not <a href="#inter-element-whitespace">inter-element whitespace</a>.
INSERT INTO element_model_empty (elt_name) VALUES ('the-track-element');
-- Empty.
INSERT INTO element_model_category (elt_name, cat_name) VALUES ('the-u-element', 'phrasing-content-1');
-- <a href="#phrasing-content-1">Phrasing content</a>.
INSERT INTO element_model_category (elt_name, cat_name) VALUES ('the-var-element', 'phrasing-content-1');
-- <a href="#phrasing-content-1">Phrasing content</a>.
INSERT INTO element_model_empty (elt_name) VALUES ('the-wbr-element');
-- Empty.

INSERT INTO unparsed (elt_name, unp_section, unp_text) VALUES ('the-canvas-element', 'model', '<a href="#transparent">Transparent</a><!-- --><!-- -->.');
INSERT INTO unparsed (elt_name, unp_section, unp_text) VALUES ('the-template-element', 'model', 'Or: The content model of <code><a href="#the-select-element">select</a></code> elements.');
INSERT INTO unparsed (elt_name, unp_section, unp_text) VALUES ('the-template-element', 'model', 'Or: The content model of <code><a href="#the-fieldset-element">fieldset</a></code> elements.');
INSERT INTO unparsed (elt_name, unp_section, unp_text) VALUES ('the-template-element', 'model', 'Or: The content model of <code><a href="#the-tr-element">tr</a></code> elements.');
INSERT INTO unparsed (elt_name, unp_section, unp_text) VALUES ('the-template-element', 'model', 'Or: The content model of <code><a href="#the-thead-element">thead</a></code>, <code><a href="#the-tbody-element">tbody</a></code>, and <code><a href="#the-tfoot-element">tfoot</a></code> elements.');
INSERT INTO unparsed (elt_name, unp_section, unp_text) VALUES ('the-template-element', 'model', 'Or: The content model of <code><a href="#the-colgroup-element">colgroup</a></code> elements.');
INSERT INTO unparsed (elt_name, unp_section, unp_text) VALUES ('the-template-element', 'model', 'Or: The content model of <code><a href="#the-table-element">table</a></code> elements.');
INSERT INTO unparsed (elt_name, unp_section, unp_text) VALUES ('the-template-element', 'model', 'Or: The content model of <code><a href="#the-video-element">video</a></code> and <code><a href="#the-audio-element">audio</a></code> elements.');
INSERT INTO unparsed (elt_name, unp_section, unp_text) VALUES ('the-template-element', 'model', 'Or: The content model of <code><a href="#the-object-element">object</a></code> elements.');
INSERT INTO unparsed (elt_name, unp_section, unp_text) VALUES ('the-template-element', 'model', 'Or: The content model of <code><a href="#the-ruby-element">ruby</a></code> elements.');
INSERT INTO unparsed (elt_name, unp_section, unp_text) VALUES ('the-template-element', 'model', 'Or: The content model of <code><a href="#the-figure-element">figure</a></code> elements.');
INSERT INTO unparsed (elt_name, unp_section, unp_text) VALUES ('the-template-element', 'model', 'Or: The content model of <code><a href="#the-dl-element">dl</a></code> elements.');
INSERT INTO unparsed (elt_name, unp_section, unp_text) VALUES ('the-template-element', 'model', 'Or: The content model of <code><a href="#the-ol-element">ol</a></code> and <code><a href="#the-ul-element">ul</a></code> elements.');
INSERT INTO unparsed (elt_name, unp_section, unp_text) VALUES ('the-template-element', 'model', 'Or: <a href="#flow-content-1">Flow content</a>.');
INSERT INTO unparsed (elt_name, unp_section, unp_text) VALUES ('the-template-element', 'model', 'Either: <a href="#metadata-content-0">Metadata content</a>.');
INSERT INTO unparsed (elt_name, unp_section, unp_text) VALUES ('the-noscript-element', 'model', 'Otherwise: text that conforms to the requirements given in the prose.');
INSERT INTO unparsed (elt_name, unp_section, unp_text) VALUES ('the-noscript-element', 'model', 'When <a data-anolis-xref="concept-n-noscript" href="#concept-n-noscript">scripting is disabled</a>, not in a <code><a href="#the-head-element">head</a></code> element: <a href="#transparent">transparent</a>, but there must be no <code><a href="#the-noscript-element">noscript</a></code> element descendants.');
INSERT INTO unparsed (elt_name, unp_section, unp_text) VALUES ('the-noscript-element', 'model', 'When <a data-anolis-xref="concept-n-noscript" href="#concept-n-noscript">scripting is disabled</a>, in a <code><a href="#the-head-element">head</a></code> element: in any order, zero or more <code><a href="#the-link-element">link</a></code> elements, zero or more <code><a href="#the-style-element">style</a></code> elements, and zero or more <code><a href="#the-meta-element">meta</a></code> elements.');
INSERT INTO unparsed (elt_name, unp_section, unp_text) VALUES ('the-noscript-element', 'context', 'Where <a href="#phrasing-content-1">phrasing content</a> is expected in <a href="#html-documents">HTML documents</a>, if there are no ancestor <code><a href="#the-noscript-element">noscript</a></code> elements.');
INSERT INTO unparsed (elt_name, unp_section, unp_text) VALUES ('the-noscript-element', 'context', 'In a <code><a href="#the-head-element">head</a></code> element of an <a data-anolis-xref="HTML documents" href="#html-documents">HTML document</a>, if there are no ancestor <code><a href="#the-noscript-element">noscript</a></code> elements.');
INSERT INTO unparsed (elt_name, unp_section, unp_text) VALUES ('the-script-element', 'model', 'If there <em>is</em> a <code data-anolis-xref="attr-script-src"><a href="#attr-script-src">src</a></code> attribute, the element must be either empty or contain only <a href="#inline-documentation-for-external-scripts">script documentation</a> that also matches <a href="#restrictions-for-contents-of-script-elements">script content restrictions</a>.');
INSERT INTO unparsed (elt_name, unp_section, unp_text) VALUES ('the-script-element', 'model', 'If there is no <code data-anolis-xref="attr-script-src"><a href="#attr-script-src">src</a></code> attribute, depends on the value of the <code data-anolis-xref="attr-script-type"><a href="#attr-script-type">type</a></code> attribute, but must match <a href="#restrictions-for-contents-of-script-elements">script content restrictions</a>.');
INSERT INTO unparsed (elt_name, unp_section, unp_text) VALUES ('the-fieldset-element', 'model', 'Optionally a <code><a href="#the-legend-element">legend</a></code> element, followed by <a href="#flow-content-1">flow content</a>.');
INSERT INTO unparsed (elt_name, unp_section, unp_text) VALUES ('the-meter-element', 'model', '<a href="#phrasing-content-1">Phrasing content</a>, but there must be no <code><a href="#the-meter-element">meter</a></code> element descendants.');
INSERT INTO unparsed (elt_name, unp_section, unp_text) VALUES ('the-progress-element', 'model', '<a href="#phrasing-content-1">Phrasing content</a>, but there must be no <code><a href="#the-progress-element">progress</a></code> element descendants.');
INSERT INTO unparsed (elt_name, unp_section, unp_text) VALUES ('the-option-element', 'model', 'If the element has no <code data-anolis-xref="attr-option-label"><a href="#attr-option-label">label</a></code> attribute: <a data-anolis-xref="text content" href="#text-content">Text</a> that is not <a href="#inter-element-whitespace">inter-element whitespace</a>.');
INSERT INTO unparsed (elt_name, unp_section, unp_text) VALUES ('the-option-element', 'model', 'If the element has a <code data-anolis-xref="attr-option-label"><a href="#attr-option-label">label</a></code> attribute but no <code data-anolis-xref="attr-option-value"><a href="#attr-option-value">value</a></code> attribute: <a data-anolis-xref="text content" href="#text-content">Text</a>.');
INSERT INTO unparsed (elt_name, unp_section, unp_text) VALUES ('the-option-element', 'model', 'If the element has a <code data-anolis-xref="attr-option-label"><a href="#attr-option-label">label</a></code> attribute and a <code data-anolis-xref="attr-option-value"><a href="#attr-option-value">value</a></code> attribute: Empty.');
INSERT INTO unparsed (elt_name, unp_section, unp_text) VALUES ('the-optgroup-element', 'model', 'Zero or more <code><a href="#the-option-element">option</a></code> and <a data-anolis-xref="script-supporting elements" href="#script-supporting-elements-0">script-supporting</a> elements.');
INSERT INTO unparsed (elt_name, unp_section, unp_text) VALUES ('the-datalist-element', 'model', 'Or: Zero or more <code><a href="#the-option-element">option</a></code> elements.');
INSERT INTO unparsed (elt_name, unp_section, unp_text) VALUES ('the-datalist-element', 'model', 'Either: <a href="#phrasing-content-1">phrasing content</a> (with zero or more <code><a href="#the-option-element">option</a></code> elements descendants).');
INSERT INTO unparsed (elt_name, unp_section, unp_text) VALUES ('the-select-element', 'model', 'Zero or more <code><a href="#the-option-element">option</a></code>, <code><a href="#the-optgroup-element">optgroup</a></code>, and <a data-anolis-xref="script-supporting elements" href="#script-supporting-elements-0">script-supporting</a> elements.');
INSERT INTO unparsed (elt_name, unp_section, unp_text) VALUES ('the-button-element', 'model', '<a href="#phrasing-content-1">Phrasing content</a>, but there must be no <a href="#interactive-content-0">interactive content</a> descendant.');
INSERT INTO unparsed (elt_name, unp_section, unp_text) VALUES ('the-label-element', 'model', '<a href="#phrasing-content-1">Phrasing content</a>, but with no descendant <a data-anolis-xref="category-label" href="#category-label">labelable elements</a> unless it is the element''s <a href="#labeled-control">labeled control</a>, and no descendant <code><a href="#the-label-element">label</a></code> elements.');
INSERT INTO unparsed (elt_name, unp_section, unp_text) VALUES ('the-form-element', 'model', '<a href="#flow-content-1">Flow content</a>, but with no <code><a href="#the-form-element">form</a></code> element descendants.');
INSERT INTO unparsed (elt_name, unp_section, unp_text) VALUES ('the-th-element', 'model', '<a href="#flow-content-1">Flow content</a>, but with no <code><a href="#the-header-element">header</a></code>, <code><a href="#the-footer-element">footer</a></code>, <a href="#sectioning-content-0">sectioning content</a>, or <a href="#heading-content-0">heading content</a> descendants.');
INSERT INTO unparsed (elt_name, unp_section, unp_text) VALUES ('the-tr-element', 'model', 'Zero or more <code><a href="#the-td-element">td</a></code>, <code><a href="#the-th-element">th</a></code>, and <a data-anolis-xref="script-supporting elements" href="#script-supporting-elements-0">script-supporting</a> elements');
INSERT INTO unparsed (elt_name, unp_section, unp_text) VALUES ('the-tr-element', 'context', 'As a child of a <code><a href="#the-table-element">table</a></code> element, after any <code><a href="#the-caption-element">caption</a></code>, <code><a href="#the-colgroup-element">colgroup</a></code>, and <code><a href="#the-thead-element">thead</a></code> elements, but only if there are no <code><a href="#the-tbody-element">tbody</a></code> elements that are children of the <code><a href="#the-table-element">table</a></code> element.');
INSERT INTO unparsed (elt_name, unp_section, unp_text) VALUES ('the-tfoot-element', 'model', 'Zero or more <code><a href="#the-tr-element">tr</a></code> and <a data-anolis-xref="script-supporting elements" href="#script-supporting-elements-0">script-supporting</a> elements');
INSERT INTO unparsed (elt_name, unp_section, unp_text) VALUES ('the-tfoot-element', 'context', 'As a child of a <code><a href="#the-table-element">table</a></code> element, after any <code><a href="#the-caption-element">caption</a></code>, <code><a href="#the-colgroup-element">colgroup</a></code>, <code><a href="#the-thead-element">thead</a></code>, <code><a href="#the-tbody-element">tbody</a></code>, and <code><a href="#the-tr-element">tr</a></code> elements, but only if there are no other <code><a href="#the-tfoot-element">tfoot</a></code> elements that are children of the <code><a href="#the-table-element">table</a></code> element.');
INSERT INTO unparsed (elt_name, unp_section, unp_text) VALUES ('the-thead-element', 'model', 'Zero or more <code><a href="#the-tr-element">tr</a></code> and <a data-anolis-xref="script-supporting elements" href="#script-supporting-elements-0">script-supporting</a> elements');
INSERT INTO unparsed (elt_name, unp_section, unp_text) VALUES ('the-tbody-element', 'model', 'Zero or more <code><a href="#the-tr-element">tr</a></code> and <a data-anolis-xref="script-supporting elements" href="#script-supporting-elements-0">script-supporting</a> elements');
INSERT INTO unparsed (elt_name, unp_section, unp_text) VALUES ('the-tbody-element', 'context', 'As a child of a <code><a href="#the-table-element">table</a></code> element, after any <code><a href="#the-caption-element">caption</a></code>, <code><a href="#the-colgroup-element">colgroup</a></code>, and <code><a href="#the-thead-element">thead</a></code> elements, but only if there are no <code><a href="#the-tr-element">tr</a></code> elements that are children of the <code><a href="#the-table-element">table</a></code> element.');
INSERT INTO unparsed (elt_name, unp_section, unp_text) VALUES ('the-colgroup-element', 'model', 'If the <code data-anolis-xref="attr-colgroup-span"><a href="#attr-colgroup-span">span</a></code> attribute is absent: Zero or more <code><a href="#the-col-element">col</a></code> and <code><a href="#the-template-element">template</a></code> elements.');
INSERT INTO unparsed (elt_name, unp_section, unp_text) VALUES ('the-colgroup-element', 'model', 'If the <code data-anolis-xref="attr-colgroup-span"><a href="#attr-colgroup-span">span</a></code> attribute is present: Empty.');
INSERT INTO unparsed (elt_name, unp_section, unp_text) VALUES ('the-colgroup-element', 'context', 'As a child of a <code><a href="#the-table-element">table</a></code> element, after any <code><a href="#the-caption-element">caption</a></code> elements and before any <code><a href="#the-thead-element">thead</a></code>, <code><a href="#the-tbody-element">tbody</a></code>, <code><a href="#the-tfoot-element">tfoot</a></code>, and <code><a href="#the-tr-element">tr</a></code> elements.');
INSERT INTO unparsed (elt_name, unp_section, unp_text) VALUES ('the-caption-element', 'model', '<a href="#flow-content-1">Flow content</a>, but with no descendant <code><a href="#the-table-element">table</a></code> elements.');
INSERT INTO unparsed (elt_name, unp_section, unp_text) VALUES ('the-table-element', 'model', 'In this order: optionally a <code><a href="#the-caption-element">caption</a></code> element, followed by zero or more <code><a href="#the-colgroup-element">colgroup</a></code> elements, followed optionally by a <code><a href="#the-thead-element">thead</a></code> element, followed optionally by a <code><a href="#the-tfoot-element">tfoot</a></code> element, followed by either zero or more <code><a href="#the-tbody-element">tbody</a></code> elements or one or more <code><a href="#the-tr-element">tr</a></code> elements, followed optionally by a <code><a href="#the-tfoot-element">tfoot</a></code> element (but there can only be one <code><a href="#the-tfoot-element">tfoot</a></code> element child in total), optionally intermixed with one or more <a href="#script-supporting-elements-0">script-supporting elements</a>.');
INSERT INTO unparsed (elt_name, unp_section, unp_text) VALUES ('the-area-element', 'context', 'Where <a href="#phrasing-content-1">phrasing content</a> is expected, but only if there is a <code><a href="#the-map-element">map</a></code> element ancestor or a <code><a href="#the-template-element">template</a></code> element ancestor.');
INSERT INTO unparsed (elt_name, unp_section, unp_text) VALUES ('the-track-element', 'context', 'As a child of a <a href="#media-element">media element</a>, before any <a href="#flow-content-1">flow content</a>.');
INSERT INTO unparsed (elt_name, unp_section, unp_text) VALUES ('the-source-element', 'context', 'As a child of a <a href="#media-element">media element</a>, before any <a href="#flow-content-1">flow content</a> or <code><a href="#the-track-element">track</a></code> elements.');
INSERT INTO unparsed (elt_name, unp_section, unp_text) VALUES ('the-audio-element', 'model', 'If the element does not have a <code data-anolis-xref="attr-media-src"><a href="#attr-media-src">src</a></code> attribute: zero or more <code><a href="#the-source-element">source</a></code> elements, then zero or more <code><a href="#the-track-element">track</a></code> elements, then <a href="#transparent">transparent</a>, but with no <a href="#media-element">media element</a> descendants.');
INSERT INTO unparsed (elt_name, unp_section, unp_text) VALUES ('the-audio-element', 'model', 'If the element has a <code data-anolis-xref="attr-media-src"><a href="#attr-media-src">src</a></code> attribute: zero or more <code><a href="#the-track-element">track</a></code> elements, then <a href="#transparent">transparent</a>, but with no <a href="#media-element">media element</a> descendants.');
INSERT INTO unparsed (elt_name, unp_section, unp_text) VALUES ('the-video-element', 'model', 'If the element does not have a <code data-anolis-xref="attr-media-src"><a href="#attr-media-src">src</a></code> attribute: zero or more <code><a href="#the-source-element">source</a></code> elements, then zero or more <code><a href="#the-track-element">track</a></code> elements, then <a href="#transparent">transparent</a>, but with no <a href="#media-element">media element</a> descendants.');
INSERT INTO unparsed (elt_name, unp_section, unp_text) VALUES ('the-video-element', 'model', 'If the element has a <code data-anolis-xref="attr-media-src"><a href="#attr-media-src">src</a></code> attribute: zero or more <code><a href="#the-track-element">track</a></code> elements, then <a href="#transparent">transparent</a>, but with no <a href="#media-element">media element</a> descendants.');
INSERT INTO unparsed (elt_name, unp_section, unp_text) VALUES ('the-param-element', 'context', 'As a child of an <code><a href="#the-object-element">object</a></code> element, before any <a href="#flow-content-1">flow content</a>.');
INSERT INTO unparsed (elt_name, unp_section, unp_text) VALUES ('the-object-element', 'model', 'Zero or more <code><a href="#the-param-element">param</a></code> elements, then, <a href="#transparent">transparent</a>.');
INSERT INTO unparsed (elt_name, unp_section, unp_text) VALUES ('the-iframe-element', 'model', 'Text that conforms to <a href="#iframe-content-model">the requirements given in the prose</a>.');
INSERT INTO unparsed (elt_name, unp_section, unp_text) VALUES ('the-rp-element', 'context', 'As a child of a <code><a href="#the-ruby-element">ruby</a></code> element, either immediately before or immediately after an <code><a href="#the-rt-element">rt</a></code> or <code><a href="#the-rtc-element">rtc</a></code> element, but not between <code><a href="#the-rt-element">rt</a></code> elements.');
INSERT INTO unparsed (elt_name, unp_section, unp_text) VALUES ('the-rtc-element', 'model', '<a href="#phrasing-content-1">Phrasing content</a> or <code><a href="#the-rt-element">rt</a></code> elements.');
INSERT INTO unparsed (elt_name, unp_section, unp_text) VALUES ('the-rt-element', 'context', 'As a child of a <code><a href="#the-ruby-element">ruby</a></code> or of an <code><a href="#the-rtc-element">rtc</a></code> element.');
INSERT INTO unparsed (elt_name, unp_section, unp_text) VALUES ('the-ruby-element', 'model', 'See prose.');
INSERT INTO unparsed (elt_name, unp_section, unp_text) VALUES ('the-dfn-element', 'model', '<a href="#phrasing-content-1">Phrasing content</a>, but there must be no <code><a href="#the-dfn-element">dfn</a></code> element descendants.');
INSERT INTO unparsed (elt_name, unp_section, unp_text) VALUES ('the-a-element', 'model', '<a href="#transparent">Transparent</a>, but there must be no <a href="#interactive-content-0">interactive content</a> descendant.');
INSERT INTO unparsed (elt_name, unp_section, unp_text) VALUES ('the-main-element', 'context', 'Where <a href="#flow-content-1">flow content</a> is expected, but with no <code><a href="#the-article-element">article</a></code>, <code><a href="#the-aside-element">aside</a></code>, <code><a href="#the-footer-element">footer</a></code>, <code><a href="#the-header-element">header</a></code> or <code><a href="#the-nav-element">nav</a></code> element ancestors.');
INSERT INTO unparsed (elt_name, unp_section, unp_text) VALUES ('the-figure-element', 'model', 'Or: <a href="#flow-content-1">Flow content</a>.');
INSERT INTO unparsed (elt_name, unp_section, unp_text) VALUES ('the-figure-element', 'model', 'Or: <a href="#flow-content-1">Flow content</a> followed by one <code><a href="#the-figcaption-element">figcaption</a></code> element.');
INSERT INTO unparsed (elt_name, unp_section, unp_text) VALUES ('the-figure-element', 'model', 'Either: One <code><a href="#the-figcaption-element">figcaption</a></code> element followed by <a href="#flow-content-1">flow content</a>.');
INSERT INTO unparsed (elt_name, unp_section, unp_text) VALUES ('the-dt-element', 'model', '<a href="#flow-content-1">Flow content</a>, but with no <code><a href="#the-header-element">header</a></code>, <code><a href="#the-footer-element">footer</a></code>, <a href="#sectioning-content-0">sectioning content</a>, or <a href="#heading-content-0">heading content</a> descendants.');
INSERT INTO unparsed (elt_name, unp_section, unp_text) VALUES ('the-dl-element', 'model', 'Zero or more groups each consisting of one or more <code><a href="#the-dt-element">dt</a></code> elements followed by one or more <code><a href="#the-dd-element">dd</a></code> elements, optionally intermixed with <a href="#script-supporting-elements-0">script-supporting elements</a>.');
INSERT INTO unparsed (elt_name, unp_section, unp_text) VALUES ('the-ul-element', 'model', 'Zero or more <code><a href="#the-li-element">li</a></code> and <a data-anolis-xref="script-supporting elements" href="#script-supporting-elements-0">script-supporting</a> elements.');
INSERT INTO unparsed (elt_name, unp_section, unp_text) VALUES ('the-ol-element', 'model', 'Zero or more <code><a href="#the-li-element">li</a></code> and <a data-anolis-xref="script-supporting elements" href="#script-supporting-elements-0">script-supporting</a> elements.');
INSERT INTO unparsed (elt_name, unp_section, unp_text) VALUES ('the-address-element', 'model', '<a href="#flow-content-1">Flow content</a>, but with no <a href="#heading-content-0">heading content</a> descendants, no <a href="#sectioning-content-0">sectioning content</a> descendants, and no <code><a href="#the-header-element">header</a></code>, <code><a href="#the-footer-element">footer</a></code>, or <code><a href="#the-address-element">address</a></code> element descendants.');
INSERT INTO unparsed (elt_name, unp_section, unp_text) VALUES ('the-footer-element', 'model', '<a href="#flow-content-1">Flow content</a>, but with no <code><a href="#the-header-element">header</a></code>, <code><a href="#the-footer-element">footer</a></code>, or <code><a href="#the-main-element">main</a></code> element descendants.');
INSERT INTO unparsed (elt_name, unp_section, unp_text) VALUES ('the-header-element', 'model', '<a href="#flow-content-1">Flow content</a>, but with no <code><a href="#the-header-element">header</a></code>, <code><a href="#the-footer-element">footer</a></code>, or <code><a href="#the-main-element">main</a></code> element descendants.');
INSERT INTO unparsed (elt_name, unp_section, unp_text) VALUES ('the-aside-element', 'model', '<a href="#flow-content-1">Flow content</a>, but with no <code><a href="#the-main-element">main</a></code> element descendants.');
INSERT INTO unparsed (elt_name, unp_section, unp_text) VALUES ('the-nav-element', 'model', '<a href="#flow-content-1">Flow content</a>, but with no <code><a href="#the-main-element">main</a></code> element descendants.');
INSERT INTO unparsed (elt_name, unp_section, unp_text) VALUES ('the-style-element', 'model', 'Depends on the value of the <code data-anolis-xref="attr-style-type"><a href="#attr-style-type">type</a></code> attribute, but must match requirements described in prose below.');
INSERT INTO unparsed (elt_name, unp_section, unp_text) VALUES ('the-meta-element', 'context', 'If the <code data-anolis-xref="attr-meta-name"><a href="#attr-meta-name">name</a></code> attribute is present: where <a href="#metadata-content-0">metadata content</a> is expected.');
INSERT INTO unparsed (elt_name, unp_section, unp_text) VALUES ('the-meta-element', 'context', 'If the <code data-anolis-xref="attr-meta-http-equiv"><a href="#attr-meta-http-equiv">http-equiv</a></code> attribute is present but not in the <a data-anolis-xref="attr-meta-http-equiv-content-type" href="#attr-meta-http-equiv-content-type">encoding declaration state</a>: in a <code><a href="#the-noscript-element">noscript</a></code> element that is a child of a <code><a href="#the-head-element">head</a></code> element.');
INSERT INTO unparsed (elt_name, unp_section, unp_text) VALUES ('the-meta-element', 'context', 'If the <code data-anolis-xref="attr-meta-http-equiv"><a href="#attr-meta-http-equiv">http-equiv</a></code> attribute is present but not in the <a data-anolis-xref="attr-meta-http-equiv-content-type" href="#attr-meta-http-equiv-content-type">encoding declaration state</a>: in a <code><a href="#the-head-element">head</a></code> element.');
INSERT INTO unparsed (elt_name, unp_section, unp_text) VALUES ('the-meta-element', 'context', 'If the <code data-anolis-xref="attr-meta-charset"><a href="#attr-meta-charset">charset</a></code> attribute is present, or if the element''s <code data-anolis-xref="attr-meta-http-equiv"><a href="#attr-meta-http-equiv">http-equiv</a></code> attribute is in the <a data-anolis-xref="attr-meta-http-equiv-content-type" href="#attr-meta-http-equiv-content-type">encoding declaration state</a>: in a <code><a href="#the-head-element">head</a></code> element.');
INSERT INTO unparsed (elt_name, unp_section, unp_text) VALUES ('the-head-element', 'model', 'Otherwise: One or more elements of <a href="#metadata-content-0">metadata content</a>, of which exactly one is a <code><a href="#the-title-element">title</a></code> element and no more than one is a <code><a href="#the-base-element">base</a></code> element.');
INSERT INTO unparsed (elt_name, unp_section, unp_text) VALUES ('the-head-element', 'model', 'If the document is <a href="#an-iframe-srcdoc-document">an <code>iframe</code> <code data-anolis-xref="attr-iframe-srcdoc">srcdoc</code> document</a> or if title information is available from a higher-level protocol: Zero or more elements of <a href="#metadata-content-0">metadata content</a>, of which no more than one is a <code><a href="#the-title-element">title</a></code> element and no more than one is a <code><a href="#the-base-element">base</a></code> element.');
INSERT INTO unparsed (elt_name, unp_section, unp_text) VALUES ('the-html-element', 'model', 'A <code><a href="#the-head-element">head</a></code> element followed by a <code><a href="#the-body-element">body</a></code> element.');
